date_time,temp,CO2_scaled,CO2_av,CO2_med,Moving,Modelled
1:00:01 AM,62,0.936205868,-63.57692308,-6,0.936205868,-15.69310634
1:00:04 AM,63,-2.360345856,24,24,-2.360345856,-15.56902473
1:00:07 AM,66,-2.515384615,17,17,-2.515384615,11.50095971
1:00:10 AM,68,8.8,9,9,8.8,19.75203042
1:00:13 AM,72,1,1,1,1,3.932146274
1:00:16 AM,74,-7,-7,-7,-7,-9.849567749
1:00:19 AM,75,-14.2,-15,-15,-14.2,-15.95759632
1:00:22 AM,77,-20.8,-23,-23,-20.8,-24.58266575
1:00:25 AM,79,-26.6,-27,-27,-26.6,-29.68616697
1:00:28 AM,80,-31.6,-32,-32,-31.6,-31.5409924
1:00:31 AM,81,-35.4,-36,-36,-35.4,-33.26382123
1:00:34 AM,83,-38,-40,-40,-38,-37.31134978
1:00:37 AM,84,-38.8,-42,-42,-38.8,-39.91545679
1:00:40 AM,86,-37.8,-40,-40,-37.8,-42.70217557
1:00:43 AM,87,-33.3,-36,-36,-33.3,-40.74944142
1:00:46 AM,88,-25.1,-31,-31,-25.1,-35.14241428
1:00:49 AM,90,-15.3,-17.5,-17.5,-15.3,-12.55401972
1:00:52 AM,91,-3.5,-1,-1,-3.5,1.256251621
1:00:55 AM,92,10.03333333,9,9,10.03333333,14.30823906
1:00:58 AM,93,20.6,23,23,20.6,24.77519265
1:01:01 AM,95,25.8,36.66666667,38,25.8,33.82252348
1:01:04 AM,97,26.4,35.33333333,36,26.4,29.66186947
1:01:07 AM,99,20.3,25,25,20.3,16.73238097
1:01:10 AM,100,9.266666667,12,11,9.266666667,8.366558277
1:01:13 AM,101,-2.4,-7.5,-8,-2.4,-0.526791657
1:01:16 AM,102,-12.2,-18.5,-18.5,-12.2,-9.386111579
1:01:19 AM,103,-19.8,-23,-23,-19.8,-17.62319041
1:01:22 AM,104,-23.9,-24,-24,-23.9,-24.64315362
1:01:25 AM,105,-26.26666667,-26,-26,-26.26666667,-29.85112667
1:01:28 AM,108,-27.96666667,-28,-28,-27.96666667,-33.80196436
1:01:31 AM,109,-29.96666667,-30.33333333,-31,-29.96666667,-32.86735659
1:01:34 AM,110,-31.76666667,-31.5,-31.5,-31.76666667,-31.72203472
1:01:37 AM,111,-33.36666667,-34,-34,-33.36666667,-30.91503643
1:01:40 AM,114,-35.1,-35,-35,-35.1,-32.75113243
1:01:43 AM,115,-36.6,-36,-36,-36.6,-34.31597529
1:01:46 AM,117,-37.6,-39,-39,-37.6,-37.81813383
1:01:49 AM,118,-38.6,-39,-39,-38.6,-39.4032017
1:01:52 AM,119,-39.4,-39,-39,-39.4,-40.64276343
1:01:55 AM,121,-39.6,-40,-40,-39.6,-41.65538183
1:01:58 AM,122,-39.8,-40,-40,-39.8,-41.45364065
1:02:01 AM,123,-39.8,-40,-40,-39.8,-40.81954305
1:02:04 AM,124,-39.6,-40,-40,-39.6,-39.78284692
1:02:07 AM,125,-39.4,-39,-39,-39.4,-38.42975163
1:02:10 AM,127,-38.8,-39,-39,-38.8,-36.07866649
1:02:13 AM,128,-38.6,-39,-39,-38.6,-35.81749033
1:02:16 AM,129,-38.6,-37,-37,-38.6,-36.65710092
1:02:19 AM,130,-38.8,-39,-39,-38.8,-38.77094905
1:02:22 AM,131,-39.2,-39,-39,-39.2,-41.55266124
1:02:25 AM,132,-40.66666667,-40,-40,-40.66666667,-44.20090798
1:02:28 AM,133,-42.26666667,-41,-41,-42.26666667,-45.91435973
1:02:31 AM,134,-43.86666667,-44.33333333,-44,-43.86666667,-45.89168698
1:02:34 AM,135,-44.46666667,-47,-47,-44.46666667,-43.67782158
1:02:37 AM,136,-44.06666667,-47,-47,-44.06666667,-40.20274101
1:02:40 AM,137,-41.75,-43,-43,-41.75,-36.74268412
1:02:43 AM,138,-37.65,-39,-39,-37.65,-34.57388977
1:02:46 AM,139,-33.25,-32.75,-33,-33.25,-34.50440339
1:02:49 AM,140,-29.78333333,-26.5,-26.5,-29.78333333,-35.46949664
1:02:52 AM,141,-28.05,-25,-25,-28.05,-35.93624778
1:02:55 AM,142,-28.66,-25.66666667,-26,-28.66,-34.37173505
1:02:58 AM,143,-29.485,-30.33333333,-31,-29.485,-29.73932379
1:03:01 AM,144,-27.71,-35.8,-37,-27.71,-22.98752779
1:03:04 AM,145,-22.94333333,-30.625,-31.5,-22.94333333,-15.56114797
1:03:07 AM,146,-15.47666667,-16.125,-16.5,-15.47666667,-8.904985203
1:03:10 AM,147,-5.583333333,-1.833333333,-1.5,-5.583333333,-4.463840402
1:03:13 AM,149,3.541666667,7,7,3.541666667,-2.721089301
1:03:16 AM,150,11.56666667,13.66666667,11,11.56666667,-1.042596196
1:03:19 AM,151,18.53333333,15,15,18.53333333,4.532293062
1:03:22 AM,152,24.73333333,24,25,24.73333333,16.52231681
1:03:25 AM,153,31.2,33,33,31.2,35.83642245
1:03:28 AM,154,38.8,38,38,38.8,56.94439365
1:03:31 AM,155,45.4,46,46,45.4,72.70622311
1:03:34 AM,156,51,53,53,51,75.98190357
1:03:37 AM,157,56.8,57,57,56.8,62.88495918
1:03:40 AM,158,62.8,61,61,62.8,42.54303985
1:03:43 AM,159,72.48,67,67,72.48,27.33732693
1:03:46 AM,160,87.68,76,76,87.68,29.64900176
1:03:49 AM,161,107.88,101.4,101,107.88,61.85924568
1:03:52 AM,162,133.83,133,133,133.83,132.1929643
1:03:55 AM,163,216.63,162,162.5,216.63,232.24996
1:03:58 AM,164,308.7611111,196.75,196.5,308.7611111,349.4737595
1:04:01 AM,165,456.5611111,490,257,456.5611111,471.3078896
1:04:04 AM,166,620.9611111,562.0555556,521,620.9611111,587.1061954
1:04:07 AM,167,781.2111111,872,872,781.2111111,693.8637964
1:04:10 AM,170,886.0111111,984,984,886.0111111,948.9467507
1:04:13 AM,171,982.6,998,998,982.6,1008.595913
1:04:16 AM,172,1026.8,1014,1014,1026.8,1054.446361
1:04:19 AM,173,1057,1045,1045,1057,1088.977539
1:04:22 AM,175,1097.933333,1093,1093,1097.933333,1136.859063
1:04:25 AM,176,1150.933333,1135,1135,1150.933333,1156.597898
1:04:28 AM,177,1210.633333,1202.666667,1202,1210.633333,1177.794442
1:04:31 AM,178,1273.433333,1279,1279,1273.433333,1207.330075
1:04:34 AM,179,1344.766667,1343.5,1343.5,1344.766667,1266.834727
1:04:37 AM,180,1418.633333,1407,1407,1418.633333,1381.625463
1:04:40 AM,181,1633.744444,1491.666667,1492,1633.744444,1577.01935
1:04:43 AM,182,1953.924444,1572,1572,1953.924444,1866.365589
1:04:46 AM,183,2249.092865,2354.555556,1749,2249.092865,2215.141922
1:04:49 AM,184,2518.226199,2944.4,3576,2518.226199,2576.858227
1:04:52 AM,185,2941.226199,2882.842105,3224,2941.226199,2905.024381
1:04:55 AM,186,3212.115088,2837.333333,2877,3212.115088,3163.142977
1:04:58 AM,189,3371.835088,3687,3687,3371.835088,3591.918838
1:05:01 AM,190,3552.666667,3709,3709,3552.666667,3664.538052
1:05:04 AM,191,3753.8,3743,3743,3753.8,3724.447847
1:05:07 AM,192,3805.3,3787,3787,3805.3,3785.114395
1:05:10 AM,193,3875.7,3843,3843,3875.7,3858.716685
1:05:13 AM,194,3964.4,3944.5,3944.5,3964.4,3952.28498
1:05:16 AM,195,4069.2,4061,4061,4069.2,4071.562361
1:05:19 AM,196,4178.6,4186.5,4186.5,4178.6,4222.291909
1:05:22 AM,197,4300.85,4311,4311,4300.85,4412.137987
1:05:25 AM,198,4921.33,4390,4390,4921.33,4656.450072
1:05:28 AM,199,5218.03,4555.75,4559,5218.03,4972.498923
1:05:31 AM,200,5527.63,7163.4,8699,5527.63,5377.555296
1:05:34 AM,201,6092.583846,5670,4861,6092.583846,5888.889951
1:05:37 AM,202,6604.865846,5859,5085,6604.865846,6509.495097
1:05:40 AM,203,7014.785846,7214.769231,8049,7014.785846,7185.248748
1:05:43 AM,204,7734.585846,7117.16,7200,7734.585846,7847.750368
1:05:46 AM,206,8426.185846,9213,9213,8426.185846,8859.39538
1:05:49 AM,207,8854.632,9269,9269,8854.632,9095.691854
1:05:52 AM,208,9315.333333,9317,9317,9315.333333,9188.859069
1:05:55 AM,209,9371.833333,9357,9357,9371.833333,9214.2214
1:05:58 AM,210,9431.933333,9420.666667,9421,9431.933333,9247.103222
1:06:01 AM,211,9497.133333,9495.5,9495.5,9497.133333,9359.205946
1:06:04 AM,212,9605.383333,9569.5,9569.5,9605.383333,9607.739126
1:06:07 AM,213,9887.183333,9643,9643,9887.183333,10046.28935
1:06:10 AM,214,10717.21437,9898.25,9857.5,10717.21437,10728.44321
1:06:13 AM,215,12087.81437,10829.66667,10823,12087.81437,11707.7873
1:06:16 AM,216,13438.81437,13645.65517,13057,13438.81437,12994.90409
1:06:19 AM,217,14565.16437,16422.5,16290.5,14565.16437,14428.35959
1:06:22 AM,218,15909.43103,16398,16593,15909.43103,15803.71568
1:06:25 AM,219,16702.1,15530,15530,16702.1,16916.53427
1:06:28 AM,221,16948.8,17551,17551,16948.8,17940.51307
1:06:31 AM,223,17212.5,17609,17609,17212.5,17883.32403
1:06:34 AM,224,17661.9,17656,17656,17661.9,17695.14615
1:06:37 AM,225,17726.83333,17716.5,17716.5,17726.83333,17531.7018
1:06:40 AM,226,17810.03333,17777,17777,17810.03333,17487.75674
1:06:43 AM,227,17911.33333,17875.66667,17874,17911.33333,17643.77244
1:06:46 AM,228,18604.16667,18025,18025,18604.16667,18076.63431
1:06:49 AM,229,19496.82381,18162.5,18162.5,19496.82381,18863.22775
1:06:52 AM,230,20438.12381,21180.66667,18357,20438.12381,20080.43816
1:06:55 AM,231,22394.32381,22240.28571,18798,22394.32381,21749.20617
1:06:58 AM,232,24350.82381,22582.16667,22540.5,24350.82381,23666.69323
1:07:01 AM,235,25724.09048,27806,27806,25724.09048,28323.63536
1:07:04 AM,236,26902.93333,27945,27945,26902.93333,28648.16529
1:07:07 AM,237,28022.3,28047,28047,28022.3,28084.99232
1:07:10 AM,238,28102.1,28134.5,28134.5,28102.1,27162.80671
1:07:13 AM,239,28176.2,28179,28179,28176.2,26567.79345
1:07:16 AM,240,28288.6,28205,28205,28288.6,26986.1375
1:07:19 AM,241,29984.2,28315.5,28315.5,29984.2,28894.1039
1:07:22 AM,242,31633.75294,28609,28609,31633.75294,31928.27784
1:07:25 AM,243,35008.95294,36612.5,35491.5,35008.95294,35515.32461
1:07:28 AM,244,38430.45294,36426.76471,35893,38430.45294,39081.90944
1:07:31 AM,245,41858.45294,45081,45081,41858.45294,42054.6976
1:07:34 AM,249,43728.95294,45423,45423,43728.95294,45506.65636
1:07:37 AM,250,45738.66667,45749,45749,45738.66667,45455.65141
1:07:40 AM,251,46136.06667,45965,45965,46136.06667,45573.40431
1:07:43 AM,252,46601.26667,46475.33333,46467,46601.26667,46127.09291
1:07:46 AM,253,47184.46667,47068,47068,47184.46667,47314.77655
1:07:49 AM,254,49352.11667,47749,47745,49352.11667,49058.04057
1:07:52 AM,255,51593.95909,48665,48665,51593.95909,51209.35176
1:07:55 AM,256,53560.97086,56803.25,56661,53560.97086,53621.17694
1:07:58 AM,257,57284.57086,57684.54545,60063,57284.57086,56156.97453
1:08:01 AM,258,60999.57086,56903.05882,56623,60999.57086,58724.16934
1:08:04 AM,261,63434.78752,66367,66367,63434.78752,65798.30125
1:08:07 AM,262,66022.47843,67240,67240,66022.47843,67675.24911
1:08:10 AM,263,69042.66667,68979.33333,68989,69042.66667,69175.67626
1:08:13 AM,264,70442.66667,70623,70623,70442.66667,70274.19346
1:08:16 AM,266,71837.33333,72004,72028,71837.33333,72119.2442
1:08:19 AM,267,74122.14167,73367,73367,74122.14167,73376.94234
1:08:22 AM,268,75471.95985,74213.33333,74240,75471.95985,75198.86541
1:08:25 AM,269,78084.43985,80403.375,83532,78084.43985,77722.54429
1:08:28 AM,270,80633.83985,77372.09091,76181,80633.83985,80613.30436
1:08:31 AM,271,83131.30652,85066.4,84804,83131.30652,83418.41958
1:08:34 AM,272,84553.23152,86114,86114,84553.23152,85685.1639
1:08:37 AM,275,86652.21333,86700.66667,86818,86652.21333,87819.27226
1:08:40 AM,277,87286.93333,87513,87513,87286.93333,87409.76775
1:08:43 AM,278,87837.63333,87867,87867,87837.63333,87358.07174
1:08:46 AM,279,88419.7,88240,88240,88419.7,87720.73735
1:08:49 AM,280,89403.1,88867.5,88867.5,89403.1,88732.00768
1:08:52 AM,281,90692.67778,89611,89611,90692.67778,90494.66433
1:08:55 AM,282,92258.84141,92430,91348,92258.84141,92585.6431
1:08:58 AM,283,93780.46869,94314.88889,94434,93780.46869,94450.4183
1:09:01 AM,284,94536.46869,96070.81818,96711,94536.46869,95534.46425
1:09:04 AM,285,94337.66869,96475.63636,96473,94337.66869,95435.73161
1:09:07 AM,286,93724.09091,93391,93391,93724.09091,94362.0765
1:09:10 AM,287,92557.46061,91436,91436,92557.46061,92673.83139
1:09:13 AM,288,90731.17333,91247,90809,90731.17333,90731.32874
1:09:16 AM,289,89068.72333,90237.66667,89607,89068.72333,88841.86604
1:09:19 AM,290,87445.95667,87344.2,87334,87445.95667,87100.60079
1:09:22 AM,291,85764.25667,85078.75,85059,85764.25667,85549.65551
1:09:25 AM,292,84148.32333,83322.16667,83287,84148.32333,84231.15271
1:09:28 AM,293,83058.88333,82838.5,82838.5,83058.88333,83187.21491
1:09:31 AM,297,82336.63333,82158,82158,82336.63333,81395.6458
1:09:34 AM,298,81843.6,81897,81897,81843.6,81208.8862
1:09:37 AM,299,81356.7,81467.5,81467.5,81356.7,80985.09004
1:09:40 AM,300,80355.6,80857,80857,80355.6,80653.51251
1:09:43 AM,301,79529.33333,80404,80404,79529.33333,80159.26543
1:09:46 AM,302,78617.26667,77152.5,77141.5,78617.26667,79510.88712
1:09:49 AM,303,78328.04848,77765.66667,79433,78328.04848,78732.77253
1:09:52 AM,304,76881.64848,76907.16667,76206.5,76881.64848,77849.31663
1:09:55 AM,305,75976.34848,79410.90909,79941,75976.34848,76875.91466
1:09:58 AM,308,74744.21515,73172,73172,74744.21515,73173.99821
1:10:01 AM,309,72497.84848,72626,72626,72497.84848,71580.77842
1:10:04 AM,310,69152.16667,71605,71605,69152.16667,69758.59608
1:10:07 AM,311,67344.06667,65675.33333,69520,67344.06667,67677.84796
1:10:10 AM,312,64878.2,62682.5,62682.5,64878.2,65345.86292
1:10:13 AM,313,62571.51765,64131.5,66210.5,62571.51765,62917.69818
1:10:16 AM,314,60614.05098,60296.66667,58413,60614.05098,60585.34308
1:10:19 AM,315,59198.55098,60071.58824,59911,59198.55098,58540.78694
1:10:22 AM,316,57409.65098,55888,55888,57409.65098,56926.6642
1:10:25 AM,317,56246.58431,55605,55605,56246.58431,55688.18973
1:10:28 AM,318,54473.21667,55187,55187,54473.21667,54721.22353
1:10:31 AM,320,53560.41667,54481.33333,54482,53560.41667,53185.25586
1:10:34 AM,321,52653.91,51204.75,51222,52653.91,52407.97437
1:10:37 AM,322,51149.31,51324,52841,51149.31,51514.26834
1:10:40 AM,323,49754.24333,51072.46667,51361,49754.24333,50543.13404
1:10:43 AM,325,48992.89333,47664,47664,48992.89333,48639.07478
1:10:46 AM,328,48211.89333,47506,47506,48211.89333,46892.86211
1:10:49 AM,330,47516,47398,47398,47516,47015.287
1:10:52 AM,331,47324.86667,47419,47419,47324.86667,47283.73017
1:10:55 AM,332,47051.36667,47593,47593,47051.36667,47538.19987
1:10:58 AM,333,47350.76667,46708.33333,47873,47350.76667,47664.60067
1:11:01 AM,334,47205.42381,46138.5,46138.5,47205.42381,47566.51896
1:11:04 AM,335,47227.00381,48895,48903,47227.00381,47218.2686
1:11:07 AM,336,46490.73714,46692.28571,45879,46490.73714,46611.84529
1:11:10 AM,337,45758.73714,47700.9,48075,45758.73714,45739.24475
1:11:13 AM,338,44301.23714,43027,43027,44301.23714,44592.4627
1:11:16 AM,339,42995.78,42478.5,42478.5,42995.78,43196.24686
1:11:19 AM,340,41366.44,41607.5,41607,41366.44,41706.35308
1:11:22 AM,341,40495.44,40165,40455.5,40495.44,40311.28921
1:11:25 AM,342,39680.94,39554.2,39543,39680.94,39199.56311
1:11:28 AM,343,38959.64,38672,38672,38959.64,38503.26632
1:11:31 AM,344,38474.84,38406,38406,38474.84,38128.82512
1:11:34 AM,345,38030.68,38001,37991.5,38030.68,37926.24945
1:11:37 AM,346,37536.08,37741,37741,37536.08,37745.54926
1:11:40 AM,347,37093.68,37333.4,37390,37093.68,37467.41419
1:11:43 AM,349,36599.08,36199,36200.5,36599.08,36663.15254
1:11:46 AM,350,36124.48,36194,36194,36124.48,36205.20206
1:11:49 AM,353,35583.8,35528,35528,35583.8,35017.12858
1:11:52 AM,355,35177.3,35368,35368,35177.3,34720.77505
1:11:55 AM,356,34805.03333,34630,35122,34805.03333,34799.20159
1:11:58 AM,357,34699.23333,34166.5,34166.5,34699.23333,34944.17723
1:12:01 AM,358,34504.18889,34332.66667,34985,34504.18889,35043.57321
1:12:04 AM,359,34625.47222,34999,34999,34625.47222,34985.26073
1:12:07 AM,360,34847.14365,34392.77778,34321,34847.14365,34684.15615
1:12:10 AM,361,34359.41032,35236.41667,35354.5,34359.41032,34163.35627
1:12:13 AM,362,33578.34365,35274.85714,35776,33578.34365,33473.003
1:12:16 AM,363,32749.3381,31894,31894,32749.3381,32663.23824
1:12:19 AM,364,31629.05476,31093.66667,31085,31629.05476,31784.54786
1:12:22 AM,365,30425.48333,30247.75,30230,30425.48333,30888.7935
1:12:25 AM,366,29844.38333,29635,29626,29844.38333,30028.18075
1:12:28 AM,367,29346.69,29257,29257,29346.69,29254.91521
1:12:31 AM,368,28906.49,28988.5,28988.5,28906.49,28621.20246
1:12:34 AM,369,28493.49,28605.2,28643,28493.49,28164.82949
1:12:37 AM,370,28125.69,28046.75,28081,28125.69,27865.90886
1:12:40 AM,371,27790.79,27570,27570,27790.79,27690.13451
1:12:43 AM,375,27524.95,27418,27418,27524.95,27532.3789
1:12:46 AM,376,27363.52,27314,27314,27363.52,27467.27258
1:12:49 AM,377,27332.62,27276,27276,27332.62,27376.64059
1:12:52 AM,378,27344.37556,27239.6,27289,27344.37556,27283.34127
1:12:55 AM,379,27281.17556,27415.5,27454,27281.17556,27210.23291
1:12:58 AM,380,27088.57556,27476.77778,27502,27088.57556,27171.73917
1:13:01 AM,382,26856.45556,26998,26998,26856.45556,27112.90046
1:13:04 AM,385,26514.25556,26313,26313,26514.25556,26653.76774
1:13:07 AM,386,26083.5,26079,26079,26083.5,26290.8245
1:13:10 AM,387,25675.5,25704.5,25704.5,25675.5,25776.68214
1:13:13 AM,388,25151.57143,25323,25323,25151.57143,25106.68189
1:13:16 AM,389,24591.80476,24958,24958,24591.80476,24368.52905
1:13:19 AM,390,23972.33333,23693.35714,23505.5,23972.33333,23673.01991
1:13:22 AM,391,23395.48333,23280.16667,23622.5,23395.48333,23130.95077
1:13:25 AM,392,22889.88333,22607.14286,22501,22889.88333,22822.16537
1:13:28 AM,393,22644.8119,22438.75,22373.5,22644.8119,22702.69728
1:13:31 AM,395,22488.57857,22430,22430,22488.57857,22732.03695
1:13:34 AM,397,22471.45,22468,22468,22471.45,22619.61777
1:13:37 AM,398,22171.00769,22499,22499,22171.00769,22342.0191
1:13:40 AM,399,21938.15769,22521.5,22521.5,21938.15769,21918.63167
1:13:43 AM,400,21493.35769,20936.53846,20637,21493.35769,21388.94446
1:13:46 AM,401,20464.70769,21265.75,21499,20464.70769,20792.44642
1:13:49 AM,402,19655.85769,20244,20244,19655.85769,20168.62653
1:13:52 AM,405,18917.21154,17355.75,16843.5,18917.21154,18399.20835
1:13:55 AM,406,18002.86154,18477.25,18478,18002.86154,17884.32659
1:13:58 AM,407,17279.46154,17243.30769,17120,17279.46154,17424.97486
1:14:01 AM,409,17119.11154,16694,16694,17119.11154,16716.22444
1:14:04 AM,411,16615.21154,16627,16627,16615.21154,16322.43122
1:14:07 AM,412,16371.48333,16554,16554,16371.48333,16214.86785
1:14:10 AM,413,16268.49583,15957.75,15947,16268.49583,16144.0626
1:14:13 AM,414,16072.05583,16024.66667,16293,16072.05583,16092.91742
1:14:16 AM,415,15938.45583,16179.0625,16254,15938.45583,16045.13494
1:14:19 AM,416,15828.30583,15644.8,15628,15828.30583,15987.62046
1:14:22 AM,417,15700.0725,15886,15886,15700.0725,15908.07995
1:14:25 AM,419,15534.26,15407,15407,15534.26,15633.74464
1:14:28 AM,420,15454,15383.5,15383.5,15454,15414.36178
1:14:31 AM,421,15212.8,15350,15350,15212.8,15132.09415
1:14:34 AM,422,14899.65,15243.5,15248.5,14899.65,14816.23484
1:14:37 AM,423,14592.75,14680,14708,14592.75,14504.39434
1:14:40 AM,424,14292.05,13841.25,13694.5,14292.05,14234.18316
1:14:43 AM,425,13975.55,13849,13807,13975.55,14034.10641
1:14:46 AM,427,13770.15,13846.5,13846.5,13770.15,13803.58465
1:14:49 AM,431,13569.5,13661,13661,13569.5,13544.454
1:14:52 AM,432,13402.95,13653,13653,13402.95,13422.4419
1:14:55 AM,433,13229.25,12838,12361,13229.25,13248.38785
1:14:58 AM,434,13028.10455,13016.25,13023,13028.10455,13029.73829
1:15:01 AM,435,12665.10455,12978,12788,12665.10455,12778.83338
1:15:04 AM,436,12449.10455,12655.27273,12924,12449.10455,12508.01324
1:15:07 AM,437,12181.65455,11838,11838,12181.65455,12229.61803
1:15:10 AM,439,11809.05455,11758,11758,11809.05455,11693.8684
1:15:13 AM,440,11513,11679,11679,11513,11453.5018
1:15:16 AM,441,11353.425,11115,10884,11353.425,11242.33302
1:15:19 AM,442,11093.625,11175,11266,11093.625,11068.50629
1:15:22 AM,443,10886.69167,11040.125,11047.5,10886.69167,10937.27927
1:15:25 AM,446,10779.95833,10459,10459,10779.95833,10724.76286
1:15:28 AM,447,10619.24924,10644.33333,10686,10619.24924,10683.72785
1:15:31 AM,448,10536.27424,10581.33333,10564,10536.27424,10642.30254
1:15:34 AM,449,10576.87424,10371.45455,10353,10576.87424,10591.3116
1:15:37 AM,450,10592.18258,10625.25,10619.5,10592.18258,10523.03996
1:15:40 AM,451,10403.21591,10662,10662,10403.21591,10435.6136
1:15:43 AM,452,10171.775,10720.875,10756,10171.775,10328.61877
1:15:46 AM,455,10041.39167,9636.5,9636.5,10041.39167,9886.085727
1:15:49 AM,456,9763.391667,9214.25,8914,9763.391667,9697.707572
1:15:52 AM,457,9300.616667,9973.333333,9973,9300.616667,9493.861588
1:15:55 AM,458,9020.583333,9272,9263,9020.583333,9280.303486
1:15:58 AM,461,8880.466667,8407,8407,8880.466667,8638.913559
1:16:01 AM,462,8540.275,8236.333333,8081,8540.275,8442.982216
1:16:04 AM,463,8259.275,8513.666667,8512,8259.275,8259.626156
1:16:07 AM,464,8053.308333,8272.375,8306,8053.308333,8088.109944
1:16:10 AM,467,7878.241667,7867,7867,7878.241667,7637.246048
1:16:13 AM,468,7581.883333,7377.166667,7268,7581.883333,7505.73488
1:16:16 AM,469,7335.808333,7361,7376,7335.808333,7382.653009
1:16:19 AM,470,7163.408333,7031.875,7015.5,7163.408333,7268.598118
1:16:22 AM,472,7053.925,7042,7042,7053.925,7071.026496
1:16:25 AM,475,6940.225,7005,7005,6940.225,6863.979047
1:16:28 AM,477,6877.540909,6829.75,6826,6877.540909,6786.274913
1:16:31 AM,478,6786.790909,6792.5,6778,6786.790909,6753.472727
1:16:34 AM,479,6657.990909,6718.454545,6705,6657.990909,6716.560148
1:16:37 AM,480,6553.840909,6588.25,6612.5,6553.840909,6669.429441
1:16:40 AM,482,6417.240909,6361,6361,6417.240909,6528.160991
1:16:43 AM,485,6288.5,6309,6309,6288.5,6192.956521
1:16:46 AM,486,6175.383333,6109.5,6109.5,6175.383333,6048.145146
1:16:49 AM,487,5905.983333,6074.75,6070.5,5905.983333,5886.713799
1:16:52 AM,488,5643.983333,6022.666667,6009.5,5643.983333,5708.61346
1:16:55 AM,489,5420.683333,5014,5014,5420.683333,5517.624907
1:16:58 AM,490,5299.866667,4999,4999,5299.866667,5332.848097
1:17:01 AM,491,5182.273333,4993,4993,5182.273333,5177.212781
1:17:04 AM,492,5156.773333,5470.666667,5473,5156.773333,5073.648712
1:17:07 AM,493,5138.473333,5434.7,5448.5,5138.473333,5035.969497
1:17:10 AM,494,5143.873333,4886.5,4886.5,5143.873333,5041.524169
1:17:13 AM,495,5048.482857,4907.5,4926,5048.482857,5058.545616
1:17:16 AM,496,4901.942857,5020,5020,4901.942857,5055.266727
1:17:19 AM,497,4811.482857,4993.714286,5004,4811.482857,5006.630951
1:17:22 AM,500,4704.268571,4702,4702,4704.268571,4633.281411
1:17:25 AM,501,4524.768571,4434.2,4328,4524.768571,4461.338319
1:17:28 AM,502,4267.425714,4371.428571,4417,4267.425714,4279.809016
1:17:31 AM,503,4098.482857,4122.5,4122.5,4098.482857,4097.189749
1:17:34 AM,504,3923.042857,3707,3707,3923.042857,3920.891165
1:17:37 AM,505,3742.482143,3857.285714,3847,3742.482143,3753.981507
1:17:40 AM,506,3586.182143,3557,3599,3586.182143,3598.443416
1:17:43 AM,507,3496.782143,3468.625,3493.5,3496.782143,3456.259535
1:17:46 AM,508,3299.025,3341,3341,3299.025,3328.910996
1:17:49 AM,509,3166.025,3260,3260,3166.025,3215.872886
1:17:52 AM,512,3055.62,2868.5,2755.5,3055.62,2952.356919
1:17:55 AM,513,2967.695,2892,2768,2967.695,2886.29631
1:17:58 AM,514,2823.995,2916.6,2807,2823.995,2829.177685
1:18:01 AM,515,2769.695,2901.375,2898.5,2769.695,2778.792932
1:18:04 AM,516,2713.095,2541.5,2541.5,2713.095,2732.697601
1:18:07 AM,518,2651.338636,2597,2556,2651.338636,2643.597412
1:18:10 AM,519,2565.463636,2609,2567,2565.463636,2595.703656
1:18:13 AM,520,2533.163636,2607.818182,2604,2533.163636,2542.912967
1:18:16 AM,522,2474.263636,2472,2472,2474.263636,2425.283243
1:18:19 AM,523,2375.263636,2380,2408,2375.263636,2362.652594
1:18:22 AM,524,2277.5,2302.5,2298,2277.5,2298.950344
1:18:25 AM,525,2216.766667,2114,2114,2216.766667,2235.46358
1:18:28 AM,526,2174.986667,2119,2122,2174.986667,2174.210958
1:18:31 AM,527,2132.086667,2168.333333,2145,2132.086667,2117.394029
1:18:34 AM,528,2076.886667,2171.1,2175,2076.886667,2067.214342
1:18:37 AM,529,2020.786667,2088,2088,2020.786667,2024.978887
1:18:40 AM,531,1961.253333,1838,1838,1961.253333,1954.361089
1:18:43 AM,532,1896.77619,1838.5,1838.5,1896.77619,1919.647111
1:18:46 AM,533,1862.39619,1870.666667,1880,1862.39619,1881.10866
1:18:49 AM,534,1837.681905,1848.714286,1902,1837.681905,1835.579917
1:18:52 AM,535,1798.381905,1916.1,1990,1798.381905,1781.323342
1:18:55 AM,536,1752.048571,1714.428571,1708,1752.048571,1722.314494
1:18:58 AM,537,1671.905714,1642,1642,1671.905714,1663.957205
1:19:01 AM,539,1578.385714,1639,1639,1578.385714,1570.812641
1:19:04 AM,540,1541.4,1448,1448,1541.4,1544.748644
1:19:07 AM,541,1524.9,1448.5,1448.5,1524.9,1528.445209
1:19:10 AM,542,1513.5,1529.5,1502.5,1513.5,1514.799836
1:19:13 AM,543,1504,1559.5,1578.5,1504,1496.710025
1:19:16 AM,544,1482.344444,1582,1582.5,1482.344444,1468.807961
1:19:19 AM,545,1436.444444,1400.5,1400.5,1436.444444,1432.66457
1:19:22 AM,546,1368.744444,1340.222222,1338,1368.744444,1391.585462
1:19:25 AM,547,1304.944444,1300,1300,1304.944444,1348.876248
1:19:28 AM,550,1269.744444,1221,1221,1269.744444,1244.024072
1:19:31 AM,551,1254.45,1263,1263,1254.45,1226.678527
1:19:34 AM,552,1225.25,1224.5,1224,1225.25,1217.19887
1:19:37 AM,553,1204.25,1263.75,1277.5,1204.25,1211.858653
1:19:40 AM,556,1177.65,1154,1154,1177.65,1183.41017
1:19:43 AM,557,1159.19,1116,1115.5,1159.19,1158.928625
1:19:46 AM,558,1121.506667,1130,1133,1121.506667,1129.346591
1:19:49 AM,559,1102.506667,1132.2,1131,1102.506667,1100.329926
1:19:52 AM,560,1092.106667,1075.333333,1071,1092.106667,1077.54449
1:19:55 AM,561,1081.266667,1059,1059,1081.266667,1065.183072
1:19:58 AM,563,1071.993333,1064,1064,1071.993333,1063.461195
1:20:01 AM,564,1073.793333,1075.8,1083,1073.793333,1067.755584
1:20:04 AM,565,1069.793333,1085.833333,1086,1069.793333,1071.256756
1:20:07 AM,566,1063.793333,1084.333333,1084,1063.793333,1070.792134
1:20:10 AM,567,1052.966667,1039,1039,1052.966667,1064.158898
1:20:13 AM,568,1045.8,1034,1034,1045.8,1053.033256
1:20:16 AM,569,1035.773333,1021.666667,1021,1035.773333,1040.06117
1:20:19 AM,570,1035.44,1050,1050,1035.44,1027.888605
1:20:22 AM,571,1018.04,1034.2,1029,1018.04,1018.478858
1:20:25 AM,572,1020.14,1037.333333,1038,1020.14,1011.064555
1:20:28 AM,573,1004.19,947,947,1004.19,1004.195656
1:20:31 AM,574,996.2071429,1032.166667,1050,996.2071429,996.4221229
1:20:34 AM,575,973.5904762,970.25,962.5,973.5904762,986.2939146
1:20:37 AM,576,968.1333333,994.2857143,993,968.1333333,972.9190177
1:20:40 AM,578,944.9,924.25,923.5,944.9,942.3475439
1:20:43 AM,579,938.95,919.7142857,919,938.95,928.947199
1:20:46 AM,580,927.0128571,916,916,927.0128571,919.3346037
1:20:49 AM,583,924.2295238,940.5,940.5,924.2295238,916.533278
1:20:52 AM,584,922.8422222,934.6,929,922.8422222,919.5774972
1:20:55 AM,585,912.1311111,910.3333333,910,912.1311111,921.9700933
1:20:58 AM,586,901.2311111,912.7777778,907,901.2311111,922.1266944
1:21:01 AM,590,899.5711111,862.4444444,848,899.5711111,894.0849627
1:21:04 AM,591,885.9044444,886,886,885.9044444,883.4856114
1:21:07 AM,592,872.0488889,926.3,936.5,872.0488889,873.0405595
1:21:10 AM,593,868.76,842,842,868.76,863.5447402
1:21:13 AM,595,861.76,843.5,843.5,861.76,850.5805326
1:21:16 AM,596,847.3857143,846,844,847.3857143,848.3510295
1:21:19 AM,597,845.9857143,851,852,845.9857143,848.1446026
1:21:22 AM,598,844.3857143,854.4285714,857,844.3857143,848.6502958
1:21:25 AM,600,842.652381,835,835,842.652381,846.5542176
1:21:28 AM,601,842.212381,835.5,835.5,842.212381,841.8786239
1:21:31 AM,602,840.1766667,837.3333333,841,840.1766667,835.9598667
1:21:34 AM,603,837.2516667,848.8,850,837.2516667,830.7755312
1:21:37 AM,604,834.785,844.25,847.5,834.785,828.3032025
1:21:40 AM,605,834.7183333,820.375,817.5,834.7183333,829.9453507
1:21:43 AM,606,835.1583333,823.1666667,819.5,835.1583333,834.8039857
1:21:46 AM,607,837.3083333,837,837,837.3083333,841.4060027
1:21:49 AM,610,840.4833333,851,851,840.4833333,856.9412944
1:21:52 AM,611,847.75,855,857,847.75,855.7857886
1:21:55 AM,612,853.25,836.25,836,853.25,849.6816824
1:21:58 AM,613,849.4,859.5,859.5,849.4,840.5235852
1:22:01 AM,614,837.8,864.5,874.5,837.8,830.8796492
1:22:04 AM,615,828.35,831.75,820.5,828.35,823.3180265
1:22:07 AM,616,818.15,797,797,818.15,819.5881335
1:22:10 AM,617,806.75,789,789,806.75,818.1644428
1:22:13 AM,619,799.2333333,808.5,808.5,799.2333333,812.858614
1:22:16 AM,620,796.0333333,807.5,809,796.0333333,804.2879493
1:22:19 AM,621,795.4333333,794.1666667,791.5,795.4333333,789.4005781
1:22:22 AM,622,761.1833333,781,781,761.1833333,769.6229625
1:22:25 AM,623,734.3166667,786,786,734.3166667,747.1357098
1:22:28 AM,625,716.3166667,637.25,627,716.3166667,702.7547217
1:22:31 AM,626,696.5166667,673.1666667,657,696.5166667,685.2222007
1:22:34 AM,627,669.9166667,704.1666667,708,669.9166667,673.1111107
1:22:37 AM,628,672.8380952,682,661,672.8380952,665.6452569
1:22:40 AM,631,666.5247619,653,653,666.5247619,657.4435573
1:22:43 AM,632,651.5580952,651.8571429,655,651.5580952,654.8830931
1:22:46 AM,633,647.1580952,641.6,643,647.1580952,650.4822095
1:22:49 AM,634,647.4580952,629.3333333,629,647.4580952,644.6339599
1:22:52 AM,635,640.0366667,660,662,640.0366667,638.0835195
1:22:55 AM,636,632.7166667,654.5,654.5,632.7166667,631.5760636
1:22:58 AM,637,627.65,614.75,610,627.65,625.6987177
1:23:01 AM,638,618.45,605,605,618.45,620.4064079
1:23:04 AM,640,607.85,604,602.5,607.85,610.7644014
1:23:07 AM,641,604.3,614,616.5,604.3,606.0084573
1:23:10 AM,642,599.3,601.5,601.5,599.3,601.0250543
1:23:13 AM,644,593.94,597,597,593.94,590.5369326
1:23:16 AM,646,587.7,580,580,587.7,582.5428265
1:23:19 AM,647,584.6,577.2,576,584.6,580.7986373
1:23:22 AM,648,583.3142857,582.8,579,583.3142857,581.2590817
1:23:25 AM,649,585.447619,586,586,585.447619,583.9342151
1:23:28 AM,650,582.367619,590.5714286,592,582.367619,586.7661412
1:23:31 AM,651,578.767619,590.6666667,590,578.767619,587.179976
1:23:34 AM,652,573.467619,561.8,557,573.467619,582.6008352
1:23:37 AM,653,567.9533333,564.8,570,567.9533333,571.3276116
1:23:40 AM,654,554.02,559.5,565,554.02,555.1543052
1:23:43 AM,655,538.06,563,563,538.06,536.7486928
1:23:46 AM,656,520.75,521,521,520.75,518.7785513
1:23:49 AM,658,509.025,482,482,509.025,494.8157884
1:23:52 AM,659,498.925,478.25,478,498.925,493.1846643
1:23:55 AM,660,497.075,500.875,501,497.075,496.8157805
1:23:58 AM,661,501.175,512.5,513,501.175,502.5325759
1:24:01 AM,662,507.125,511.75,512.5,507.125,507.1584892
1:24:04 AM,663,504.15,502.5,502,504.15,508.2242377
1:24:07 AM,665,499.81,508,508,499.81,501.8218405
1:24:10 AM,666,496.14,486,486,496.14,496.4879125
1:24:13 AM,667,489.96,490.8,488,489.96,491.1549768
1:24:16 AM,668,484.21,493.4,493,484.21,486.661751
1:24:19 AM,670,484.9433333,471.6,466,484.9433333,479.6666528
1:24:22 AM,671,478.7833333,479.25,481,478.7833333,476.5583052
1:24:25 AM,672,472.4033333,489.6666667,494,472.4033333,473.3051087
1:24:28 AM,673,470.15,460,460,470.15,469.6038257
1:24:31 AM,674,465.5,461.5,461.5,465.5,465.3778176
1:24:34 AM,675,459.6866667,460.3333333,457,459.6866667,461.4568414
1:24:37 AM,676,459.7533333,456,456,459.7533333,458.8972529
1:24:40 AM,677,461.3866667,460.6,459,461.3866667,458.7554082
1:24:43 AM,678,465.36,460.3333333,459,465.36,461.5545975
1:24:46 AM,679,466.46,469.6666667,469,466.46,465.6858496
1:24:49 AM,680,466.34,480.2,482,466.34,469.0071275
1:24:52 AM,681,464.0233333,461.5,464.5,464.0233333,469.3763944
1:24:55 AM,682,464.69,460,460,464.69,465.3841607
1:24:58 AM,683,456.05,448.75,448,456.05,458.551125
1:25:01 AM,684,449.9833333,473,473,449.9833333,451.1305335
1:25:04 AM,685,449.9833333,437,437,449.9833333,445.3756319
1:25:07 AM,686,452.5333333,431.1666667,423.5,452.5333333,443.5396661
1:25:10 AM,687,451.5333333,460,460,451.5333333,447.2458574
1:25:13 AM,688,459.0666667,461.5,461.5,459.0666667,455.5973279
1:25:16 AM,689,465.0333333,468,466,465.0333333,467.0671749
1:25:19 AM,690,490.5666667,474.6666667,475,490.5666667,480.1284958
1:25:22 AM,691,489.3333333,461,461,489.3333333,492.9849542
1:25:25 AM,693,487.0133333,587.6666667,578,487.0133333,506.3175673
1:25:28 AM,694,485.38,455.3333333,455,485.38,500.5067131
