"temp","CO2_av","CO2_med","Moving*","Modelled","CO2_scaled","CO2_prop"
70,13,13,12.0151323066712,13.7525557578667,12.0151323066712,9.82166080016938e-05
71,14,14,8.88513230667121,13.0795388212337,8.88513230667121,7.26307072226726e-05
72,13.3333333333333,15,10.111219263193,12.2658267711961,10.111219263193,8.2653243713413e-05
74,9,9,11.7737192631929,10.6645193413855,11.7737192631929,9.62431989993947e-05
79,9,9,13.6447718947719,7.94472992747574,13.6447718947719,0.000111537948834508
81,9,9,15.8662004662005,7.87921518899102,15.8662004662005,0.000129696814973887
83,10,10,18.3358974358974,8.68879210188437,18.3358974358974,0.000149885128590793
85,11,11,20.4166666666667,10.5673689948539,20.4166666666667,0.000166894187722582
86,10,10,22.3666666666667,11.9613426898539,22.3666666666667,0.000182834285652004
88,15,15,24.2666666666667,15.630559154229,24.2666666666667,0.000198365663121698
90,18,18,26.2666666666667,20.3649474557618,26.2666666666667,0.000214714481510849
91,22,22,28.1666666666667,23.0903859472088,28.1666666666667,0.000230245858980542
92,27,27,30.05,26.0326832800411,30.05,0.000245640996296993
94,32,32,32,32.4253071733328,32,0.000261581094226415
95,37,37,33.7,35.7373043386201,33.7,0.000275477589857193
96,41,41,35.25,39.0278191246102,35.25,0.000288147924108785
97,45,45,36.6,42.2228971375092,36.6,0.000299183376521462
99,48,48,37.65,48.0309252688592,37.65,0.000307766506175766
100,50,50,38.6,50.4959665997227,38.6,0.000315532194910613
101,52,52,39.2166666666667,52.5453981730152,39.2166666666667,0.000320573080580601
102,53,53,39.6166666666667,53.9834885484164,39.6166666666667,0.000323842844258431
103,52,52,39.8416666666667,54.5901508763014,39.8416666666667,0.000325682086327211
105,51,51,39.8916666666667,52.4288439910217,39.8916666666667,0.00032609080678694
106,48,48,39.6916666666667,49.2207010786066,39.6916666666667,0.000324455924948024
107,43,43,39.2041666666667,44.4778664340812,39.2041666666667,0.000320470900465669
108,40,40,38.3208333333333,38.8656717773534,38.3208333333333,0.000313250172343794
109,37,37,37.1458333333333,33.2265325422383,37.1458333333333,0.000303645241540168
110,32,32,35.6958333333333,28.4028641625505,35.6958333333333,0.000291792348208033
111,29,29,34.0625,25.2370820721049,34.0625,0.000278440813190227
112,27.3333333333333,27,32.2458333333333,24.5716017047163,32.2458333333333,0.000263590636486748
113,26,26,31.4736111111111,26.8098083772973,31.4736111111111,0.000257278176053159
114,26.5,26.5,29.8236111111111,30.598966939152,29.8236111111111,0.00024379040088211
115,28,28,29.6423611111111,34.147312122682,29.6423611111111,0.000242308789215593
116,28,28,29.3423611111111,35.6630786602892,29.3423611111111,0.00023985646645722
117,27.25,27.5,32.5401871980676,33.3545012843754,32.5401871980676,0.000265996805425091
118,23.3333333333333,23,42.1568538647343,26.2527103703135,42.1568538647343,0.000344607373846258
119,21.5,21.5,53.3901871980676,16.6804188653601,53.3901871980676,0.000436433237131989
120,19,19,66.5401871980676,7.78323535974286,66.5401871980676,0.000543926718040657
121,17.3333333333333,17,81.6901871980676,2.70676844368958,81.6901871980676,0.000667769017338475
122,15.6666666666667,16,98.823520531401,4.59662670742793,98.823520531401,0.000807823894872201
123,37.5555555555556,17,117.498520531401,15.8721541477564,117.498520531401,0.000960480986580898
124,19,19,140.023520531401,36.0476363877566,140.023520531401,0.00114460955368871
125,47.375,23.5,166.223520531401,63.911094457081,166.223520531401,0.00135877907458659
126,42,42.5,194.173520531401,98.2505493853824,194.173520531401,0.00158725381157497
127,106.95652173913,96,223.327687198068,137.854022202312,223.327687198068,0.00182557189963516
128,232.333333333333,232,254.211020531401,181.509533937524,254.211020531401,0.0020780249035943
129,261.666666666667,262,288.663293258674,228.10723025704,288.663293258674,0.00235965187855013
130,295,295,324.396626592007,276.945755372363,324.396626592007,0.00265175076710296
131,332,332,360.87995992534,327.425878131369,360.87995992534,0.00294998046255173
132,370,370,398.096626592007,378.948367381932,398.096626592007,0.00325420472474318
133,399.5,399.5,434.868848814229,430.913991971926,434.868848814229,0.00355479591618148
134,477,473,473.318848814229,482.616084284827,473.318848814229,0.00386910194971291
135,552,549.5,510.975098814229,532.918230846519,510.975098814229,0.00417691954594614
136,587,587,549.525098814229,580.576581718485,549.525098814229,0.00449204302039703
137,610.333333333333,610,585.660606060606,624.347286962212,585.660606060606,0.00478742944308246
138,641,641,616.527272727273,662.986496639183,616.527272727273,0.00503974620688835
139,710.545454545455,713,646.54393939394,695.250360810885,646.54393939394,0.00528511472287886
140,733.666666666667,734,675.24393939394,720.335583643348,675.24393939394,0.00551972026676318
141,747,747,701.981439393939,739.201085720782,701.981439393939,0.00573828353260314
144,760,760,726.673106060606,772.474014310498,726.673106060606,0.00594012331963253
145,773,773,750.703369218501,780.4553802554,750.703369218501,0.00613655652373849
146,788,788,772.745869218501,789.214398889062,772.745869218501,0.00631674093840992
147,800.5,800.5,791.045869218501,799.821551375777,791.045869218501,0.00646633262667065
148,813,813,805.645869218501,812.031344781966,805.645869218501,0.00658567900091145
149,829.666666666667,830,819.029202551834,825.269292649588,819.029202551834,0.00669507984396552
150,849.666666666667,850,830.904202551834,838.9609085206,830.904202551834,0.0067921509531511
151,862,862,839.376929824561,852.531705936957,839.376929824561,0.00686141049287242
152,869,869.5,847.018596491228,865.407198440618,847.018596491228,0.0069238766031343
153,866.75,867,854.468596491228,876.999412571899,854.468596491228,0.00698477595163389
154,863.833333333333,856.5,861.718596491228,886.666426864556,861.718596491228,0.00704404041829456
155,880.105263157895,879,869.718596491228,893.752832850703,869.718596491228,0.00710943569185116
156,917.85,917.5,879.418596491228,897.603222062457,879.418596491228,0.00718872746103854
157,918,918,890.618596491228,897.562186031931,890.618596491228,0.00728028084401779
158,879,879,902.618596491228,893.452675184608,902.618596491228,0.0073783737543527
160,878,878,914.801929824562,880.452131928685,914.801929824562,0.00747796530637327
161,878.5,878.5,926.568596491228,875.990589304692,926.568596491228,0.00757415085456278
162,880,880,937.929707602339,875.841192539749,937.929707602339,0.00766702122569004
163,886.5,886.5,952.276136173768,882.21868652616,952.276136173768,0.00778429480331364
164,896,896,968.71085839599,896.682793176659,968.71085839599,0.00791863894775727
165,905,905,984.869191729323,918.173142485713,984.869191729323,0.00805072377632628
166,933,932,1000.91392857143,944.974341468219,1000.91392857143,0.00818188002069293
167,982,982,1014.47142857143,975.370997139075,1014.47142857143,0.00829270457334839
168,1024.5,1024.5,1028.12142857143,1007.64771651318,1028.12142857143,0.00840428525885434
169,1053,1053,1043.87142857143,1040.08910660543,1043.87142857143,0.00853303220366891
170,1073.33333333333,1074,1059.94642857143,1071.16415823495,1059.94642857143,0.00866443583147171
171,1085,1085,1076.32142857143,1100.07939743781,1076.32142857143,0.00879829178203288
172,1089.22222222222,1089,1092.87142857143,1126.22573405429,1092.87142857143,0.00893357825420311
173,1155.92857142857,1180,1109.34642857143,1148.99407792469,1109.34642857143,0.00906825164568374
174,1195.44444444444,1193,1125.64642857143,1167.7753388893,1125.64642857143,0.00920149451555532
175,1187,1187,1141.99642857143,1182.15996757685,1141.99642857143,0.00933514610588663
176,1201,1201,1157.44642857143,1192.53657776979,1157.44642857143,0.00946144072794282
177,1189,1189,1170.89642857143,1199.49332403902,1170.89642857143,0.00957138653160986
181,1191,1191,1182.67142857143,1204.88476129678,1182.67142857143,0.00966764019987598
182,1194,1194,1193.42142857143,1203.56450651091,1193.42142857143,0.00975551509871767
183,1199.5,1199.5,1203.70476190476,1202.3533152267,1203.70476190476,0.00983957527326856
184,1206,1206,1233.51587301587,1201.8470949888,1233.51587301587,0.0100832634940357
185,1211,1211,1247.52142857143,1202.67276523688,1247.52142857143,0.0101977506361442
186,1216,1216,1278.89166666667,1205.46499838435,1278.89166666667,0.0104541837988659
187,1222,1222,1305.28308080808,1210.85846684462,1305.28308080808,0.0106699180172814
188,1232,1232,1334.64234006734,1219.4878430311,1334.64234006734,0.0109099126161162
189,1242,1242,1387.09234006734,1232.33982908762,1387.09234006734,0.0113386603783717
190,1251,1251,1442.29234006734,1251.80924607954,1442.29234006734,0.0117898877659122
191,1260,1260,1500.40900673401,1280.64294480266,1500.40900673401,0.0122649571802703
192,1268,1268,1562.50900673401,1321.58777605275,1562.50900673401,0.0127725879912534
193,1279,1279,1626.93400673401,1377.39059062561,1626.93400673401,0.013299224303614
194,1681.22222222222,1334,1694.66734006734,1450.798239317,1694.66734006734,0.0138529042863932
195,1369.33333333333,1369,1771.35305435305,1543.4734983192,1771.35305435305,0.0144797646943429
196,1783.33333333333,1949,1878.12305435305,1652.74284541046,1878.12305435305,0.0153525463640478
197,1723.27272727273,1802,1997.97305435305,1774.8486837655,1997.97305435305,0.0163322493060176
198,1774.18518518519,1781,2135.02305435305,1906.03341655906,2135.02305435305,0.0174525520861342
199,2250,2250,2273.52305435305,2042.53944696586,2273.52305435305,0.0185847077595829
200,2293,2293,2413.97305435305,2181.67879768291,2413.97305435305,0.019732803530961
201,2353.33333333333,2353,2556.77305435305,2325.04196949627,2556.77305435305,0.0209001091639464
202,2436,2436,2703.94805435305,2475.28908271428,2703.94805435305,0.022103177837158
203,2488,2488,2855.74805435305,2635.08025764529,2855.74805435305,0.0233440531528946
204,2560.66666666667,2561,2990.98694324194,2807.07561459764,2990.98694324194,0.0244495511696921
205,2744.71428571429,2746,3146.99527657528,2992.46055206262,3146.99527657528,0.0257248271241225
206,3351.4,3069,3287.12860990861,3186.52158126338,3287.12860990861,0.026870334332589
207,3619,3686,3435.69830687831,3383.07049160601,3435.69830687831,0.0280848038295334
209,3973,3973,3586.08904761905,3758.87911334134,3586.08904761905,0.0293141592834235
210,4012,4012,3714.91404761905,3925.76240354624,3714.91404761905,0.0303672275479147
214,4060,4060,3843.06404761905,4308.76384608977,3843.06404761905,0.0314147780861995
215,4116,4116,3997.69738095238,4307.43654520133,3997.69738095238,0.0326788142279874
216,4211.5,4211.5,4165.94023809524,4282.8811561947,4165.94023809524,0.0340541001863376
217,4315,4315,4337.28086309524,4258.88739456102,4337.28086309524,0.0354547085667419
218,4386,4386,4600.8975297619,4259.24497579138,4600.8975297619,0.0376096190705852
219,4489.5,4489.5,4873.18681547619,4307.74361537692,4873.18681547619,0.0398354231113125
220,4586,4586,5134.16681547619,4421.57306407443,5134.16681547619,0.0419687804229128
221,4694.66666666667,4697,5401.64181547619,4591.52321370353,5401.64181547619,0.0441552305222319
222,4782,4782,5678.16681547619,4801.78399134951,5678.16681547619,0.0464156590247619
223,4826.5,4826.5,5972.61681547619,5036.54532409767,5972.61681547619,0.0488226138121046
224,4856,4856,6277.71681547619,5279.9971390333,6277.71681547619,0.0513166260573696
225,5446,4867,6727.05252976191,5516.32936324172,6727.05252976191,0.0549896800516779
226,5800.85714285714,6486,7185.71919642857,5735.65289731036,7185.71919642857,0.0587390090689231
227,5914.8125,6271,7699.75669642857,5951.76253583532,7699.75669642857,0.0629409619352797
231,7833,7833,8242.33919642857,7178.37749646291,8242.33919642857,0.0673762533120955
232,8190.5,8190.5,8817.44752976191,7674.15417874291,8817.44752976191,0.0720774241599724
233,8571,8571,9441.4475297619,8285.01157406864,9441.4475297619,0.0771782554973875
234,8968.5,8968.5,10069.4141964286,9021.07377113034,10069.4141964286,0.0823115119912744
235,9503.5,9503.5,10702.2141964286,9854.09814098629,10702.2141964286,0.0874842781296018
236,9901,9901,11341.9891964286,10746.2503752869,11341.9891964286,0.0927140607720612
237,10162,10162,11994.3141964286,11659.6961656823,11994.3141964286,0.0980464322499127
238,13102.7142857143,11234,12637.4641964286,12556.6012038231,12637.4641964286,0.103303803523404
239,13384.8333333333,12309.5,13315.4713392857,13399.1311813594,13315.4713392857,0.108846111345963
240,14595.75,14667,14050.9307142857,14159.1951708963,14050.9307142857,0.1148580572232
241,15237.65,15453,14917.0543984962,14847.6757688572,14917.0543984962,0.12193810663105
242,15991.6666666667,15570,15913.3243984962,15485.1989526206,15913.3243984962,0.13008202527933
243,17066,17066,17163.9743984962,16092.3906995646,17163.9743984962,0.140305350138525
244,17254,17254,18420.6493984962,16689.8769870674,18420.6493984962,0.150577925813119
245,17438,17438,19689.2743984962,17303.8394098936,19689.2743984962,0.160948185677587
246,17622,17622,20990.1743984962,17982.6820323535,20990.1743984962,0.17158227459881
247,17902.5,17902.5,22332.8993984962,18780.3645361435,22332.8993984962,0.182558258184597
248,18309,18309,23585.2386842105,19750.8466029601,23585.2386842105,0.192795391956467
249,19361,19307.5,25058.1803508772,20948.0879144999,25058.1803508772,0.204835819859541
250,20624,20624,26486.2428508772,22406.1127048102,26486.2428508772,0.216509387089969
251,25155.4736842105,24567,27896.6728508772,24079.2034173415,27896.6728508772,0.228038819050274
252,28115.9,28751.5,29317.6933636977,25901.7070478951,29317.6933636977,0.239654822195955
254,33584,33584,30578.7219351263,29732.3410462747,30578.7219351263,0.249962985744863
257,34102,34102,32457.4886017929,34957.5638240445,32457.4886017929,0.265320793259325
258,34876,34876,34430.5136017929,36297.8318745598,34430.5136017929,0.281449106960452
259,35919,35919,36581.5936017929,37364.4438627114,36581.5936017929,0.299032915090719
260,37016.5,37016.5,38881.0811017929,38274.2570293244,38881.0811017929,0.31782986685353
261,38149.5,38149.5,41346.5811017929,39180.6306642288,41346.5811017929,0.337983872722756
262,42843.6666666667,39559,43818.5811017929,40236.9240572545,43818.5811017929,0.358191012251747
263,43157,40769.5,46558.9394351263,41596.4964982312,46558.9394351263,0.380591822608178
264,43446.25,41774,49513.03003663,43380.9928895997,49513.03003663,0.40473976798272
265,44412.0769230769,43162,52616.5136080586,45585.2005842431,52616.5136080586,0.430108912624219
266,42286.5714285714,41451.5,55628.8636080586,48172.1925476553,55628.8636080586,0.454733094161499
267,54829.3333333333,54846,58603.8136080586,51105.0417453299,58603.8136080586,0.479051552794901
268,56898.5,56898.5,61531.1636080586,54346.8211427611,61531.1636080586,0.502980909550641
269,60643.6,59601,64399.9136080586,57860.6037054424,64399.9136080586,0.52643124592758
270,63892.25,63858,67209.6386080586,61598.1727142381,67209.6386080586,0.549399087801808
272,67619,67619,69961.5136080586,69359.8785549213,69961.5136080586,0.571894040104131
274,68801,68788,72483.9802747253,76805.90721116,72483.9802747253,0.592513714817141
275,75431.1666666667,71903.5,75002.5469413919,80148.8797393998,75002.5469413919,0.613101509334292
276,84237.2857142857,78794,77707.734441392,83098.9375446733,77707.734441392,0.635214818907343
277,90185.5714285714,91812.5,80352.0705952381,85578.1602016101,80352.0705952381,0.656830704676891
279,93831,93831,83331.9809126984,89267.078556547,83331.9809126984,0.681189710974949
281,93601,93601,85872.9309126984,91635.3153609315,85872.9309126984,0.701960476017905
283,93423,93423,87929.8559126984,93129.2958883992,87929.8559126984,0.718774622650458
284,93294,93294,89792.8259126984,93687.9479463005,89792.8259126984,0.734003301747676
285,93211,93211,91496.2384126984,94195.4454125859,91496.2384126984,0.74792769254983
287,93187,93187,93027.8384126984,95216.5179283333,93027.8384126984,0.760447617672242
288,93293,93293,94598.9759126984,95754.1512878624,94598.9759126984,0.773290738498185
289,93528.3333333333,93646,95905.2898015873,96320.5823153072,95905.2898015873,0.783969082762519
290,97550,99306,96822.956765873,96923.8607107765,96822.956765873,0.791470468032935
291,97298.8,97051,97495.0281944444,97572.0361743794,97495.0281944444,0.796964254898061
292,101884.777777778,101628,97989.4031944444,98263.3761275285,97989.4031944444,0.801005478443629
293,105648.333333333,106283,98520.2031944444,98957.0188768507,98520.2031944444,0.805344454844109
295,98037,98037,99089.8531944445,100148.636875738,99089.8531944445,0.810001007041799
296,97903,97903,99685.2031944444,100545.324181164,99685.2031944444,0.81486764155579
297,97960.5,97960.5,100850.533194444,100741.738394486,100850.533194444,0.824393525822505
298,98251,98251,102037.118194444,100711.965512828,102037.118194444,0.83409315715665
299,100223.75,99299.5,103216.648963675,100529.011410086,103216.648963675,0.843735124321935
300,101557.444444444,101115,104656.882297009,100290.611929349,104656.882297009,0.855508180924269
301,102590.625,102699,105873.382297009,100094.502913708,105873.382297009,0.86545234970947
302,103627,103627,107078.192297009,100038.420206251,107078.192297009,0.875300959651186
306,103718.5,103718.5,108018.20340812,103169.069320053,108018.20340812,0.882984995120856
307,104217,104197,108739.086741453,105228.038843856,108739.086741453,0.888877790469072
308,104816,104816,109819.311741453,107706.747998364,109819.311741453,0.897707991641283
309,105201,105201,110893.986741453,110396.230890649,110893.986741453,0.906492824842463
310,116517.6,123137,111648.749241453,113087.521627785,111648.749241453,0.912662562362184
311,116918.7,121724.5,112439.249241453,115571.654316844,112439.249241453,0.919124432830496
312,116883.615384615,117251,113104.836741453,117676.822921835,113104.836741453,0.92456521741029
313,122333,122333,113341.114519231,119379.860834499,113341.114519231,0.926496648649431
317,121880,121880,113520.283269231,122450.570535422,113520.283269231,0.927961247326811
319,121395,121395,113640.483269231,121936.965697516,113640.483269231,0.928943811311999
320,120685,120685,113733.808269231,121216.899726839,113733.808269231,0.929706688050083
321,120066,120066,113760.358269231,120206.649053249,113760.358269231,0.929923718614199
322,119641.5,119641.5,113753.458269231,118929.195244478,113753.458269231,0.929867315190756
323,119396.5,119396.5,113688.563824786,117443.473144482,113688.563824786,0.929336841447413
324,113055.75,113058.5,112974.879279332,115817.405916274,112974.879279332,0.923502891937023
325,114061,111327,112590.794279332,114118.916722867,112590.794279332,0.920363223981524
326,113535.5,113799,112274.163510101,112415.928727271,112274.163510101,0.917774954510239
329,106283,106283,111553.413510101,107832.34684591,111553.413510101,0.911883249083248
331,106174,106174,110798.838510101,105623.517831297,110798.838510101,0.905715044265252
332,106031,106031,110017.338510101,104892.369343867,110017.338510101,0.899326743479691
333,105585,105604,109225.538510101,104463.041913239,109225.538510101,0.892854246279426
334,104748,104748,108441.971843434,104375.268322074,108441.971843434,0.886449051714863
335,104678,104072,107631.463510101,104668.781353037,107631.463510101,0.879823624942583
336,103903.111111111,102951,106678.488510101,105345.362799526,106678.488510101,0.872033617340383
337,102243.909090909,100560,106084.201010101,106254.99049789,106084.201010101,0.867175668136161
338,109237,109192,105307.541010101,107209.691295215,105307.541010101,0.860826931491102
339,110551,110640,104482.166010101,108021.492038586,104482.166010101,0.854079978502129
340,107918,107918,103948.166010101,108502.419575088,103948.166010101,0.849714843992226
343,106788.5,106788.5,103321.666010101,107307.287371178,103321.666010101,0.844593576631825
344,105765,105765,102654.766010101,106266.511677238,102654.766010101,0.839142063139962
345,104849,104802,101964.966010101,105045.713418026,101964.966010101,0.833503355677544
346,104394.666666667,104389,101236.916010101,103729.598542169,101236.916010101,0.827551977063433
347,103431.333333333,103638,100301.216010101,102402.872998295,100301.216010101,0.819903182380069
348,100337,100337,99349.4937878788,101150.242735032,99349.4937878788,0.812123415496054
349,101170,101170,98335.2483333333,100022.888797886,98335.2483333333,0.803832558126861
350,98527.8,99105,96967.3733333333,98937.892619874,96967.3733333333,0.792650988149831
351,97028,97028,95615.6233333333,97778.8107308904,95615.6233333333,0.781601230521064
352,95603,95603,94367.3066666667,96429.1996608305,94367.3066666667,0.771396979283322
353,93644,93644,93348.5053508772,94772.6159395892,93348.5053508772,0.763068880440087
354,92693,92693,92321.1553508772,92746.5738424723,92321.1553508772,0.75467090115404
355,91789,91789,91335.5886842105,90504.4186264277,91335.5886842105,0.746614475932173
356,90187,90164,90307.1053508772,88253.4532938147,90307.1053508772,0.738207232315705
357,85964,87720,89286.0886842105,86200.980846992,89286.0886842105,0.729861024287891
358,84868.6666666667,84908.5,88413.4386842105,84554.3042883185,88413.4386842105,0.722727626104244
360,81959,81959,87608.0386842105,82895.4314121303,87608.0386842105,0.716143956938933
363,81879.5,81879.5,86936.9653508772,83224.0987634299,86936.9653508772,0.710658328912699
364,83516,82205,86244.5153508772,83677.7020359468,86244.5153508772,0.704997959265915
365,82951.6666666667,82924,85835.3820175439,84133.6847658649,85835.3820175439,0.701653535984108
366,86412.4736842105,86927,85572.8820175439,84490.2603809995,85572.8820175439,0.699507753570532
367,85218,85408.5,85441.7820175439,84645.642309166,85441.7820175439,0.698436088525123
368,85137.6666666667,84939,85382.2820175439,84533.3192485611,85382.2820175439,0.697949711178046
369,83825,83907.5,85444.0820175439,84227.880978905,85444.0820175439,0.698454889666271
371,83011,83011,85712.2153508772,83477.1190128443,85712.2153508772,0.700646721251643
372,82884,82884,86204.8695175439,83251.5254166423,86204.8695175439,0.704673878001388
374,85062,82788,86809.8695175439,83649.2382484017,86809.8695175439,0.709619395564107
375,85106.3333333333,82790,87504.3778508772,84452.5836523377,87504.3778508772,0.715296590869816
376,83179,83149,88120.3278508772,85593.7224525647,88120.3278508772,0.720331618213215
377,87420.3333333333,88027,88729.2195175439,86944.3729538172,88729.2195175439,0.725308947851715
378,88394,88394,89076.7833333333,88376.2534608292,89076.7833333333,0.728150076703206
379,90071,90071,89423.6583333333,89761.0822783353,89423.6583333333,0.730985574892575
380,90599,90599,89883.5541666667,90970.5777110699,89883.5541666667,0.734744951621122
381,91423,91224,90421.9541666667,91908.7976025602,90421.9541666667,0.739146053531481
382,91326.6666666667,91644,90975.5041666667,92609.1579515056,90975.5041666667,0.743670997741138
383,94721.75,94827,91339.4791666667,93137.4142953982,91339.4791666667,0.746646278327734
384,94059,94059,91569.5166666667,93559.3221717302,91569.5166666667,0.748526698982831
385,95769.6666666667,95952,91775.4333333333,93940.637117994,91775.4333333333,0.750209946076147
388,95835,95835,92087.8444444444,95021.2978195023,92087.8444444444,0.752763722335301
389,95129.5,95129.5,92185.4959595959,95243.7434027697,92185.4959595959,0.75356196577862
390,93363.75,93420.5,92035.9959595959,95330.1231373898,92035.9959595959,0.752339891604031
391,92155.5,91548.5,91810.8959595959,95240.1299093447,91810.8959595959,0.750499832094332
392,94335.5833333333,94652.5,91639.370959596,94933.4566046166,91639.370959596,0.749097716557233
393,94593,94593,91886.730959596,94369.7961091877,91886.730959596,0.751119738415603
395,94082,94082,92360.1726262626,92492.7688640895,92360.1726262626,0.754989844328698
399,90163.5,90163.5,92799.2422691198,88260.9656430989,92799.2422691198,0.758578979254329
400,89662.75,89811.5,93136.0672691198,87666.7255314568,93136.0672691198,0.761332324631291
401,89224.6666666667,90597,93583.6339357864,87451.0811301213,93583.6339357864,0.764990917706477
402,89427.2222222222,89387,93577.8839357864,87710.5881555245,93577.8839357864,0.764943914853608
403,89373.3636363636,89602,93533.6089357864,88499.0899344484,93533.6089357864,0.764581992886518
405,85404,85404,93411.6589357864,91152.3404359308,93411.6589357864,0.76358512368524
406,85569,85569,93124.6702994228,92697.6519155504,93124.6702994228,0.76123916113741
407,87168.5,87059.5,92781.9411327561,94175.7960524631,92781.9411327561,0.758437552686161
408,96370.2,96846.5,92613.6911327561,95427.0542251992,92613.6911327561,0.757062208339174
409,100795.5,100795.5,92444.3786327561,96322.2262600874,92444.3786327561,0.755678178682417
410,103503.142857143,103785,92552.5036327561,96854.1857746477,92552.5036327561,0.756562036676581
411,100795.5,100795.5,92703.9661327561,97046.3248341986,92703.9661327561,0.757800153129214
412,104721,104721,92467.4994660895,96922.0355040582,92467.4994660895,0.755867177835003
413,95720,95720,92285.8883549783,96504.7098495447,92285.8883549783,0.7543826142985
414,94244,94244,92094.5993398268,95817.7399359765,92094.5993398268,0.752818939614224
415,90924.75,90862,92239.0266125541,94894.3723159304,92239.0266125541,0.753999547240353
416,86415.7272727273,86259,92216.6432792208,93807.2714910188,92216.6432792208,0.753816576714548
418,87481,87481,91772.6682792208,91471.946182083,91772.6682792208,0.750187343392386
419,91228,91656,90611.4832792208,90388.7596758009,90611.4832792208,0.740695342051783
420,90695.75,90427,89303.9916125541,89471.9159201373,89303.9916125541,0.730007370149952
421,92326,92326,88045.934469697,88778.9248073024,88045.934469697,0.719723496274079
422,92692,92692,86766.1061363637,88267.2598428629,86766.1061363637,0.709261655778601
425,84495.3333333333,80893,85157.0461363636,87144.8659289756,85157.0461363636,0.696108540919978
426,85795,85795,83718.7961363636,86683.1496471763,83718.7961363636,0.684351696895879
427,85547.5833333333,85093,82338.4961363636,86065.0815583017,82338.4961363636,0.673068559884607
428,88292.5454545455,87947,81109.1086363636,85223.1260712576,81109.1086363636,0.663019043400911
429,85121.3333333333,88147,80082.9972727273,84109.4814642731,80082.9972727273,0.654631189235343
431,78289,78289,78931.2472727273,81211.3937818943,78931.2472727273,0.645216313445491
433,73146.5,73146.5,77566.5556060606,77758.0256406037,77566.5556060606,0.634060765337731
434,74645.6666666667,78090,76267.1181060606,75950.2804599796,76267.1181060606,0.623438631489954
435,78342,78342,74920.8681060606,74156.3180391634,74920.8681060606,0.612433833111757
436,75198.9333333333,77207,73562.5181060606,72424.5298894976,73562.5181060606,0.601330124382306
437,72539.8,72339,72467.7371536796,70793.403068314,72467.7371536796,0.592380936899117
438,66955,66955,71355.7184036796,69298.9485194422,71355.7184036796,0.583290840604576
440,66638,66638,70185.7225703463,66864.1000139508,70185.7225703463,0.573726815906962
441,66337,66337,68467.595297619,65995.7279449899,68467.595297619,0.559682140531329
442,65893.5,65893.5,67024.8786309524,65408.0719236579,67024.8786309524,0.547888784146161
443,64446,64367.5,65954.745297619,65113.6896545901,65954.745297619,0.53914107638674
444,63934.1666666667,63849.5,65149.470297619,65031.3258856447,65149.470297619,0.532558429022578
445,64707,64718,64266.6480753968,65056.2721254859,64266.6480753968,0.525341878932069
446,65401,65401,62726.5580753968,65083.819882778,62726.5580753968,0.512752553075596
448,65525,65525,61325.3197420635,64727.8859843715,61325.3197420635,0.501298257559804
450,62599.7142857143,60961,59786.1547420635,63328.7591869038,59786.1547420635,0.488716493031835
451,63554.625,63863,58526.0047420635,62280.5816134306,58526.0047420635,0.478415511285291
452,62147.6666666667,62911,57382.2847420635,61063.2861955153,57382.2847420635,0.469066276001271
454,53930,53930,56184.2435655929,58311.2166425115,56184.2435655929,0.45927299719285
455,56267,56267,54693.4685655929,56871.3799154994,54693.4685655929,0.447086792325807
456,56886.3333333333,59164,53170.7352322596,55443.2745788297,53170.7352322596,0.43463934696492
457,57041,57195,51620.5393989262,54029.2414296992,51620.5393989262,0.421967411891528
458,56989.2222222222,57695,50018.6227322596,52622.5956839365,50018.6227322596,0.408872689562584
459,47540.2,46091,48295.7227322596,51216.6525573701,48295.7227322596,0.39478899996125
460,47174.1666666667,47092,46374.944160831,49804.7272658283,46374.944160831,0.379087769946221
464,41756.5,41756.5,44646.0584465453,43963.5087664782,44646.0584465453,0.364955150666993
465,41752,42276,42934.9938632119,42426.654474094,42934.9938632119,0.350968208604481
466,43763.6,43199,41035.9105298786,40875.2308313457,41035.9105298786,0.335444324343216
467,42376.1764705882,43638,39526.0605298786,39334.0745737018,39526.0605298786,0.323102192620786
469,36078,36078,37877.0105298786,36381.9111556021,37877.0105298786,0.309622183138471
470,33991.3333333333,34909,36050.643863212,35020.5774660837,36050.643863212,0.294692714665805
471,32930.25,33068.5,34191.8393177574,33761.6353701729,34191.8393177574,0.279498085698523
472,32668.6666666667,32791,32140.0157066463,32593.8079364822,32140.0157066463,0.262725639906209
474,30943,30943,30466.8057066463,30457.4983967241,30466.8057066463,0.249048136697754
475,27109.4285714286,26817,28648.122373313,29452.0169611384,28648.122373313,0.234181474935733
476,28022,28368,27153.907373313,28463.6515287361,27153.907373313,0.22196715010106
477,29333.3333333333,29422,25634.0216590273,27473.9024347581,25634.0216590273,0.209542982343499
479,24166,24166,23953.2616590272,25444.027791354,23953.2616590272,0.195803762345624
482,23733,23733,22278.3528354978,22290.8698420961,22278.3528354978,0.18211237225849
483,23286,23286,20871.6778354978,21220.2458358138,20871.6778354978,0.17061363520471
484,20359,20308,19598.1611688312,20143.7198620628,19598.1611688312,0.160203388855265
485,19864.9090909091,19801,18330.4850324675,19063.6221473209,18330.4850324675,0.14984088539043
486,15952.75,15976.5,17034.4516991342,17983.394858079,17034.4516991342,0.139246578593954
488,14076,14076,15781.6516991342,15855.2232022826,15781.6516991342,0.12900567875499
492,10800.5,10090,14725.8302705628,11980.0638450313,14725.8302705628,0.120374962361446
493,11872.2,11041,13620.7302705628,11143.1982177877,13620.7302705628,0.111341422760521
494,11354.2857142857,11584,12426.1302705628,10377.1060084856,12426.1302705628,0.101576273536681
495,10148.4,10155,11462.3802705628,9690.78908368152,11462.3802705628,0.0936981866754087
496,8878,8878,10504.2927705628,9089.86576502962,10504.2927705628,0.0858663874062009
498,7944.5,7944.5,9570.89277056277,8109.1529694495,9570.89277056277,0.0782363938639841
499,8521,8521,8766.34277056277,7706.76468680054,8766.34277056277,0.0716596729464884
500,7576.72727272727,7566,7975.31398268398,7347.95594376521,7975.31398268398,0.0651934799496782
501,6748,6748,7370.68898268398,7021.42733748311,7370.68898268398,0.060251027790408
503,5887,5887,6837.33898268398,6433.16961757924,6837.33898268398,0.0558912066464812
504,5993,6418,6466.21398268398,6166.93215226937,6466.21398268398,0.0528574790341444
505,5920,6025,6042.33398268398,5917.37977341567,6042.33398268398,0.0493925104647477
506,5441.33333333333,5588,5630.4696969697,5683.0805985392,5630.4696969697,0.0460257632606876
511,4891,4891,5264.4496969697,4690.26689705334,5264.4496969697,0.0430337660072891
512,4571.25,4522.5,4960.9496969697,4517.29331446134,4960.9496969697,0.0405528328167354
513,4618,4618,4718.0246969697,4348.80516136397,4718.0246969697,0.0385670644631432
514,4268,4268,4438.87015151515,4182.6259581521,4438.87015151515,0.036285140980072
515,4044.33333333333,4220,4198.08378787879,4016.57922521663,4198.08378787879,0.0343168547152345
516,3860.25,3909,3995.35045454546,3848.48848294846,3995.35045454546,0.0326596294911876
517,3409,3409,3834.01474025974,3676.17725173844,3834.01474025974,0.0313408053449171
518,3378,3391.5,3656.81474025974,3499.27282085489,3656.81474025974,0.0298923000356383
519,3394.6,3382,3486.96474025974,3324.61755507574,3486.96474025974,0.0285038766339397
520,3117,3117,3343.59807359307,3160.85758805628,3343.59807359307,0.027331938835744
521,2828,2828,3215.86057359307,3016.63905345188,3215.86057359307,0.0262877602412519
522,2808,2808,3102.82307359307,2900.60808491785,3102.82307359307,0.0253637454619201
523,3086,3086,2988.13307359307,2818.46060887703,2988.13307359307,0.0244262224713943
524,2937.90909090909,2936,2886.28307359307,2764.09172282232,2886.28307359307,0.0235936588949267
525,2761,2761,2787.71640692641,2728.44631701413,2787.71640692641,0.0227879346286481
526,2693.33333333333,2718,2697.70390692641,2702.46928171288,2697.70390692641,0.0220521356210214
527,2660.28571428571,2660,2633.87890692641,2677.10550717898,2633.87890692641,0.0215304039541776
528,2449,2449,2570.63890692641,2643.29988367283,2570.63890692641,0.0210134543167126
530,2523,2522,2500.35890692641,2532.60827670943,2500.35890692641,0.0204389568385179
531,2574,2574,2446.04224025974,2463.00230941846,2446.04224025974,0.0199949501790992
532,2336.25,2335.5,2405.31099025974,2390.28171252584,2405.31099025974,0.0196619962745926
533,2310.5,2310.5,2359.48599025974,2319.24059573496,2359.48599025974,0.0192874039732512
534,2324.2,2324,2295.48599025974,2254.6730687492,2295.48599025974,0.0187642417847984
535,2231,2231,2242.21553571429,2200.26250450642,2242.21553571429,0.0183287872913628
536,2073,2073,2198.21553571429,2155.24932888227,2198.21553571429,0.0179691132868015
537,2060,2060,2157.52386904762,2117.76323098687,2157.52386904762,0.0176364829526589
538,2132.5,2132.5,2113.60958333333,2085.93389993033,2113.60958333333,0.0172775096117428
539,2113.2,2124.5,2078.09708333333,2057.89102482276,2078.09708333333,0.0169872159052205
540,1989,1989,2037.15708333333,2031.76429477428,2037.15708333333,0.0166525555927945
541,2030.66666666667,2034,1987.74041666667,2005.95991939188,1987.74041666667,0.0162486035384293
542,2013.375,2017,1948.95291666667,1979.99019027003,1948.95291666667,0.0159315386417947
544,1891.5,1891.5,1914.09791666667,1926.70991917339,1914.09791666667,0.0156466196093177
545,1806,1806,1872.41291666667,1898.97700138129,1872.41291666667,0.0153058693620419
546,1872.5,1872.5,1835.46291666667,1870.23397821514,1835.46291666667,0.0150038249423023
547,1881,1880,1807.09625,1840.2842678692,1807.09625,0.0147719442014828
548,1879.5,1879.5,1776.54625,1808.98971294947,1776.54625,0.0145222160005886
549,1782,1782,1742.99625,1776.22676216486,1742.99625,0.0142479645721106
550,1738.75,1738.5,1709.44625,1741.87186422425,1709.44625,0.0139737131436325
551,1704.2,1694,1682.74069444444,1705.80146783658,1682.74069444444,0.013755411004753
553,1585.66666666667,1554,1652.99069444444,1629.93283354557,1652.99069444444,0.0135122223312143
554,1560.5,1550.5,1623.27194444444,1592.51767417122,1623.27194444444,0.0132692891079631
555,1613.4,1614,1600.34694444444,1557.19674391277,1600.34694444444,0.0130818907771774
556,1490.5,1490.5,1580.19694444444,1525.2811357216,1580.19694444444,0.0129171764319067
557,1492,1494,1556.19694444444,1498.08194254905,1556.19694444444,0.0127209906112369
558,1505.66666666667,1507,1531.09694444444,1476.91025734648,1531.09694444444,0.0125158129404531
560,1449,1449,1504.72194444444,1453.99544296528,1504.72194444444,0.0123002128979461
562,1461.5,1461.5,1484.53444444444,1447.53373773153,1484.53444444444,0.0121351920123306
563,1442.2,1452,1466.34694444444,1446.44114650184,1466.34694444444,0.0119865199451043
564,1454.88888888889,1460,1450.39944444444,1444.62384710731,1450.39944444444,0.0118561585544738
565,1435.66666666667,1437,1438.11611111111,1440.46917773067,1438.11611111111,0.0117557495615338
566,1419,1420,1424.74111111111,1432.81794800403,1424.74111111111,0.0116464168385563
567,1433,1433,1409.68777777778,1422.3248533568,1409.68777777778,0.0115233647321473
568,1403,1403,1400.86277777778,1410.09806066772,1400.86277777778,0.0114512255710052
569,1392.5,1400.5,1389.88777777778,1397.24573681556,1389.88777777778,0.0113615114300947
570,1379,1379,1378.73777777778,1384.87604867904,1378.73777777778,0.0112703667675752
571,1352,1352,1369.75027777778,1374.09716313693,1369.75027777778,0.011196899264939
572,1378.25,1375,1360.12527777778,1365.66689748724,1360.12527777778,0.0111182205764412
573,1375,1380,1349.13194444444,1358.94167070505,1349.13194444444,0.0110283565713621
574,1385.25,1385,1336.8875,1352.9275521847,1336.8875,0.010928265472113
575,1340,1340,1325.77916666667,1346.63061132055,1325.77916666667,0.0108374614099766
577,1293,1293,1315.37202380952,1329.21254013824,1315.37202380952,0.0107523891657159
578,1312.33333333333,1310,1305.43035714286,1316.46734534756,1305.43035714286,0.0106711219143065
579,1314,1314,1294.88035714286,1301.6463862232,1294.88035714286,0.0105848818973037
580,1272.5,1272.5,1284.70535714286,1285.9385125922,1284.70535714286,0.0105017072837489
581,1282.66666666667,1281,1275.58392857143,1270.53257428166,1275.58392857143,0.010427144994167
582,1269.25,1271.5,1265.56726190476,1256.61742111862,1265.56726190476,0.010345264662068
583,1269,1269,1254.3619047619,1245.38190293016,1254.3619047619,0.0102536674876109
584,1222.33333333333,1211,1241.13690476191,1237.60693380329,1241.13690476191,0.0101455609260126
586,1210,1210,1227.4244047619,1228.62739150115,1227.4244047619,0.010033469339932
587,1213.5,1213.5,1216.1994047619,1224.90528909924,1216.1994047619,0.00994171159672292
588,1210.85714285714,1217,1207.3494047619,1220.01661304566,1207.3494047619,0.00986936807535093
589,1234.16666666667,1234,1197.2994047619,1212.70259872708,1197.2994047619,0.00978721526294544
590,1192,1192,1187.0244047619,1202.11918917851,1187.0244047619,0.00970322320847118
591,1189,1189,1178.4994047619,1189.08115802822,1178.4994047619,0.00963353637008743
592,1196.57142857143,1200,1169.3994047619,1174.81798655282,1169.3994047619,0.00955914924641679
594,1151.66666666667,1145,1160.7369047619,1147.53414773313,1160.7369047619,0.00948833842676878
595,1154.14285714286,1155,1150.1119047619,1136.97244294206,1150.1119047619,0.00940148532907641
596,1110.5,1110.5,1142.0119047619,1129.73264715089,1142.0119047619,0.00933527261460035
597,1111,1111,1134.4369047619,1125.18986272918,1134.4369047619,0.00927335146495144
599,1115.5,1110.5,1126.4119047619,1120.21223434674,1126.4119047619,0.00920775183116498
600,1116,1114,1118.6119047619,1117.78584356229,1118.6119047619,0.00914399143944728
601,1111.33333333333,1110,1109.40357142857,1114.07337049988,1109.40357142857,0.00906871875478057
602,1108.5,1108.5,1103.70357142857,1108.07904174764,1103.70357142857,0.00902212462237149
603,1102,1102,1097.55357142857,1099.22480794873,1097.55357142857,0.00897185200582485
604,1100.66666666667,1100,1090.025,1088.60351596627,1090.025,0.00891031038231711
605,1096,1096,1084.39791666667,1077.72573671837,1084.39791666667,0.00886431230057847
606,1056.5,1056.5,1080.77410714286,1068.10204112316,1080.77410714286,0.00883468979868766
607,1060.33333333333,1045,1079.46910714286,1061.24300009875,1079.46910714286,0.00882402219468873
608,1058.5,1051,1075.19637987013,1058.20539911593,1075.19637987013,0.00878909517358464
609,1053,1053,1069.85137987013,1058.23088185608,1069.85137987013,0.00874540295643963
610,1054.85714285714,1054,1063.59137987013,1060.10730655325,1063.59137987013,0.00869423115488159
611,1050,1050,1057.32471320346,1062.6225314415,1057.32471320346,0.00864300485726225
612,1078,1078,1051.1330465368,1064.56441475485,1051.1330465368,0.00859239164033251
613,1066,1066,1045.8830465368,1064.72081472738,1045.8830465368,0.00854947599206098
614,1046,1035,1039.62471320346,1062.16342801376,1039.62471320346,0.00849831781451827
615,1039.125,1030,1033.22471320346,1057.0993049513,1033.22471320346,0.00844600159567298
616,1081.66666666667,1078,1029.89971320346,1050.01933429793,1029.89971320346,0.00841882168510102
617,1084.4,1083,1026.2580465368,1041.41440481161,1026.2580465368,0.00838905321161744
618,1025.54545454545,1007,1023.1430465368,1031.77540525025,1023.1430465368,0.00836358992697634
619,1008.6,1014,1017.9430465368,1021.59205773126,1017.9430465368,0.00832108299916455
620,990.8,989,1012.15574494949,1011.34941780974,1012.15574494949,0.00827377522785753
621,986,984,1005.00574494949,1001.53137440024,1005.00574494949,0.00821532820211631
622,984.666666666667,985,996.793244949495,992.621816417311,996.793244949495,0.00814819586660586
623,997,997,989.659911616162,985.104632775514,989.659911616162,0.00808988508101789
624,975.5,975.5,981.659911616162,979.463712389394,981.659911616162,0.00802448980746129
625,968,968,974.091161616162,975.914472477315,974.091161616162,0.00796261974786984
626,990,990,964.717828282828,973.598443472884,964.717828282828,0.00788599828568602
627,987.5,987.5,954.164494949495,971.388684113521,954.164494949495,0.0077997310206526
628,996.2,997,946.787222222222,968.158253136644,946.787222222222,0.00773942617463989
629,949,949,940.057222222222,962.78020927967,940.057222222222,0.0076844124007604
630,939.111111111111,938,933.287222222222,954.46347181122,933.287222222222,0.00762907165051313
632,907,907,926.967222222222,931.559222144797,926.967222222222,0.00757740938440341
633,913.75,916,920.683888888889,918.748153796077,920.683888888889,0.00752604684663083
634,923.333333333333,925,913.683888888889,906.215419003188,913.683888888889,0.0074688259822688
635,886,886,907.558888888889,894.849239690756,907.558888888889,0.00741875772595202
636,887.75,888.5,901.780317460318,885.537837783408,901.780317460318,0.0073715213185348
637,894.2,894,894.080317460317,878.902028496091,894.080317460317,0.00730857836773657
638,873.333333333333,873,886.585317460317,874.493000205035,886.585317460317,0.00724731117082322
639,878,879,878.883650793651,871.59453457679,878.883650793651,0.00718435459600967
640,874,881,873.016984126984,869.490413277905,873.016984126984,0.00713639806206816
641,855.4,855,867.428095238095,867.46441797493,867.428095238095,0.00709071219734736
642,859.6,857,863.653095238095,864.946660542167,863.653095238095,0.00705985380263784
643,859,859,859.715595238095,861.952573684931,859.715595238095,0.0070276670664342
645,857,857,855.348928571429,855.1824633493,855.348928571429,0.00699197214628456
647,853,853,852.998928571429,848.448190272564,852.998928571429,0.0069727622846773
648,852.428571428571,852,850.578095238095,845.498899988947,850.578095238095,0.00695297340241877
650,836,835.5,846.968095238095,840.93906640714,846.968095238095,0.00692346378522635
651,837.6,835,844.334761904762,839.231628812152,844.334761904762,0.00690193784101397
652,842.166666666667,846,841.334761904762,837.815767809125,841.334761904762,0.00687741461343024
653,831.666666666667,830,838.549761904762,836.623926244073,838.549761904762,0.00685464888382335
654,827.333333333333,827,836.779761904762,835.588546963007,836.779761904762,0.00684018017954895
655,831.5,829.5,834.437261904762,834.642072811943,834.437261904762,0.00682103162601066
656,835,835.5,832.124761904762,833.722729692195,832.124761904762,0.0068021283047482
657,836,836,829.944761904762,832.791875726295,829.944761904762,0.00678430809270403
658,839,839,827.794761904762,831.816652092077,827.794761904762,0.00676673311293569
659,839.333333333333,840,825.373333333333,830.764199967375,825.373333333333,0.0067469393649574
662,822,820,823.848333333333,826.814884428701,823.848333333333,0.00673447339093567
663,820.666666666667,819.5,821.493333333333,825.136587154161,821.493333333333,0.00671522265728245
665,818,818,819.318333333333,821.302334789221,819.318333333333,0.00669744331728424
666,818.3,818.5,817.69,819.220546459614,817.69,0.00668413265431241
667,820,820,815.960833333333,817.078427872443,815.960833333333,0.00666999773841346
668,812.75,811,813.6525,814.913062408105,813.6525,0.00665112847718931
669,812.75,811.5,811.2025,812.761533446997,811.2025,0.0066311011746626
670,813.4,814,808.688214285714,810.654528187521,808.688214285714,0.00661054837440195
671,810,810,806.050714285714,808.597149100116,806.050714285714,0.00658898837015126
674,804,804,803.364047619048,802.70983175475,803.364047619048,0.0065670264574485
675,805.5,805,801.364047619048,800.838020240059,801.364047619048,0.00655067763905935
676,790.5,790.5,799.130714285714,799.009366339655,799.130714285714,0.0065324214585248
677,798.666666666667,803,797.000714285714,797.219511009279,797.000714285714,0.00651500996694035
678,799.1,805,794.885714285714,795.451833873845,794.885714285714,0.00649772109149383
679,792.75,792.5,792.385714285714,793.686649225565,792.385714285714,0.00647728506850739
681,785.333333333333,786,790.268214285714,790.085014559314,790.268214285714,0.00645997575703787
682,786,786,788.055714285714,788.209193125764,788.055714285714,0.00644188987669488
683,785.714285714286,786,786.035714285714,786.257121348214,786.035714285714,0.00642537757012183
684,786.25,786.5,783.935714285715,784.225918228439,783.935714285715,0.00640821131081323
685,785.6,786,782.069047619048,782.179921606475,782.069047619048,0.00639295241365002
686,782,782,780.052380952381,780.200274031923,780.052380952381,0.00637646735510762
689,776,776,778.717380952381,775.470851088751,778.717380952381,0.00636555451883287
690,775.4,773,776.600714285714,774.568025199857,776.600714285714,0.00634825201937101
691,776,777,774.145714285714,774.079436122428,774.145714285714,0.00632818384479833
692,770,769,772.158214285714,773.797101486297,772.158214285714,0.00631193720652411
693,770.4,770.5,770.666547619047,773.455213937347,770.666547619047,0.00629974371280887
694,768.5,768.5,769.516547619048,772.787966121459,769.516547619048,0.00629034314223511
695,773,773,767.980833333333,771.529550684516,767.980833333333,0.00627778958525772
697,768,768,766.608333333333,766.929848291191,766.608333333333,0.00626657020863817
698,766.666666666667,768,765.22,764.093505171847,765.22,0.00625522140387303
699,765.166666666667,767.5,763.103333333333,761.298951725423,763.103333333333,0.00623791890441118
700,763.8,764,761.563333333333,758.845776167951,761.563333333333,0.00622533031425154
701,756.333333333333,753,760.118333333333,757.033566715462,760.118333333333,0.00621351829296537
702,750,750,757.735,756.161911583988,757.735,0.00619403595105164
703,753,753,755.535,756.381144933642,755.535,0.00617605225082357
704,755.5,755.5,752.99,757.24458470087,752.99,0.00615524837942338
705,763,763,750.565,758.156294766196,750.565,0.00613542543712653
706,755,755,747.515,758.520339010148,747.515,0.00611049348908308
707,758.8,760,744.74,757.740781313252,744.74,0.00608780950356813
708,757.833333333333,758,742.081666666667,755.386217070111,742.081666666667,0.00606607919912588
710,739.666666666667,737,739.623333333333,747.023486262798,739.623333333333,0.00604598377652255
711,745.2,748,737.133333333333,741.797825628592,737.133333333333,0.00602562949762806
712,746.5,746.5,734.910416666667,736.397638793994,734.910416666667,0.00600745846718928
713,728.333333333333,721.5,733.09375,731.214178723991,733.09375,0.00599260829048581
714,726,726,730.35625,726.638698383563,730.35625,0.00597023084531566
715,719.5,719.5,727.714583333334,722.969386011285,727.714583333334,0.00594863678102665
717,720,720,724.789583333333,717.959917776516,724.789583333333,0.00592472663413252
718,712,712,721.902083333333,716.285491127081,721.902083333333,0.00590112302758318
719,712.5,712.5,718.772083333333,714.941755598316,718.772083333333,0.00587553712680416
720,713.5,713.5,715.558988095238,713.761575796749,715.558988095238,0.00584927197154683
721,716,718,713.465654761905,712.596835655326,713.465654761905,0.00583216020829952
722,714,714,710.555654761905,711.375496412662,710.555654761905,0.0058083726775433
723,711.875,712.5,707.605654761905,710.044538633787,707.605654761905,0.0057842581704193
724,713.666666666667,714,705.798988095238,708.550942883736,705.798988095238,0.00576948973780777
725,698.25,698,704.148988095238,706.841689727539,704.148988095238,0.00575600196263672
726,702.666666666667,702,702.623988095238,704.863759730229,702.623988095238,0.00574353598861499
727,704.5,704.5,701.023988095238,702.599064058893,701.023988095238,0.00573045693390367
729,697.25,698,700.161488095238,697.730840597428,700.161488095238,0.00572340650597335
730,696.2,696,699.296488095238,695.440441162022,699.296488095238,0.00571633564202004
731,693.571428571429,694,698.521488095238,693.454602159985,698.521488095238,0.00571000047489425
732,697.8,700,697.563154761905,691.929887768676,697.563154761905,0.00570216666608278
733,687,687,696.646488095238,690.981003869336,696.646488095238,0.00569467345765442
734,687.5,687.5,695.002738095238,690.555223158713,695.002738095238,0.00568123677254084
735,692.2,693,693.425654761905,690.557960037429,693.425654761905,0.00566834504804022
736,693,694,692.496488095238,690.89462890611,692.496488095238,0.00566074965949693
737,689,689,691.513154761905,691.47064416538,691.513154761905,0.0056527114904556
738,688,688,690.446488095238,692.185516761719,690.446488095238,0.00564399212064805
740,694.75,695,689.683988095238,693.52951903107,689.683988095238,0.00563775913363719
741,695.2,696,688.973988095238,693.898636055599,688.973988095238,0.00563195530310904
742,698,698,688.395416666667,693.892488574376,688.395416666667,0.00562722582350361
743,696.833333333333,696.5,687.78875,693.381070263159,687.78875,0.00562226668192556
744,695.666666666667,696,687.79875,692.234374797706,687.79875,0.00562234842601751
746,679,679,687.707083333333,688.092954051793,687.707083333333,0.00562159910517467
747,682.125,680.5,687.172083333333,685.632728171765,687.172083333333,0.00561722579625558
748,679.666666666667,680,686.622083333333,683.317310466031,686.622083333333,0.00561272987119856
749,683,683,685.772083333333,681.45006481885,685.772083333333,0.00560578162338317
750,683.166666666667,684,685.072083333333,680.334355114478,685.072083333333,0.00560005953694697
751,682,682,683.984583333333,680.176181587825,683.984583333333,0.00559116986694787
752,682,682,682.907916666667,680.792089876403,682.907916666667,0.00558236875304837
753,682,682,681.845416666667,681.901261968378,681.845416666667,0.00557368344327914
755,685.666666666667,687,680.92875,684.476125515176,680.92875,0.00556619023485078
756,687.2,686.5,680.050972222222,685.380180946328,680.050972222222,0.00555901492011332
758,685.666666666667,684.5,680.050972222222,685.017449064963,680.050972222222,0.00555901492011332
759,681.5,682,679.316150793651,683.313338271668,679.316150793651,0.00555300818907123
760,682,682,678.466150793651,680.882640456275,678.466150793651,0.00554605994125584
761,672,672,677.691150793651,678.190412864302,677.691150793651,0.00553972477413004
762,674,672,677.282817460317,675.701712741266,677.282817460317,0.00553638689037559
763,673,673,676.795317460318,673.881597332685,676.795317460318,0.00553240186589324
764,673.666666666667,673,675.695317460317,673.06503476552,675.695317460317,0.0055234100157792
765,676.75,676.5,674.445317460317,673.066636692503,674.445317460317,0.00551319200428599
767,678.5,678.5,673.133412698413,674.262424165618,673.133412698413,0.00550246795793786
768,678.111111111111,678,671.623412698413,674.825654780103,671.623412698413,0.00549012460005405
769,679,679,670.206746031746,674.945140025441,670.206746031746,0.00547854418702841
770,667.428571428571,661,668.948412698413,674.305402435807,668.948412698413,0.00546825805545857
771,662.666666666667,664,667.598412698413,672.7004856938,667.598412698413,0.00545722260304589
772,667.5,667.5,666.718412698413,670.362518075699,666.718412698413,0.00545002912295466
773,675,675,665.630912698413,667.633149006207,665.630912698413,0.00544113945295556
774,672.25,677,664.493412698413,664.854027910026,664.493412698413,0.00543184106249673
775,660,660,663.385079365079,662.366804211859,663.385079365079,0.00542278109230608
776,657,657,662.097579365079,660.432092384164,662.097579365079,0.00541225654046806
777,659.428571428571,661,660.52257936508,658.986367090427,660.52257936508,0.00539938184598661
778,657,657,658.929523809524,657.885068041895,658.929523809524,0.0053863595580058
779,657.333333333333,657.5,657.562857142857,656.983634949809,657.562857142857,0.00537518786543988
780,656.333333333333,655,656.941428571429,656.137507525416,656.941428571429,0.00537010805401182
782,655,655.5,656.35253968254,654.285241635718,656.35253968254,0.00536529423526391
783,654.4,652,655.37753968254,653.336913120578,655.37753968254,0.0053573241862992
784,652.25,653,653.27753968254,652.43335361794,653.27753968254,0.00534015792699059
785,650.25,649.5,651.44003968254,651.619237672327,651.44003968254,0.00532513745009556
786,651.5,651.5,650.24003968254,650.93923982826,650.24003968254,0.00531532815906207
787,651,648,649.12753968254,650.438034630262,649.12753968254,0.0053062341288331
788,647,647,647.743611111111,650.119916532485,647.743611111111,0.00529492133039418
789,646.25,646.5,646.543611111111,649.827659627602,646.543611111111,0.00528511203936069
790,651.666666666667,655,645.306944444445,649.363657917916,645.306944444445,0.00527500301999006
791,655,655,644.040277777778,648.530305405732,644.040277777778,0.0052646487683436
792,650.888888888889,651,642.715277777778,647.129996093351,642.715277777778,0.00525381767616079
793,648,648,641.582777777778,645.040485379274,641.582777777778,0.00524456015774793
794,633,633,640.903611111111,642.44097424678,640.903611111111,0.00523900837150328
795,635.5,635.5,640.366111111111,639.586025075346,640.366111111111,0.0052346146265612
796,636,636,639.691111111111,636.730200244447,639.691111111111,0.00522909690035486
798,634.75,635,638.991111111111,632.034173122162,638.991111111111,0.00522337481391866
799,631.75,630,638.668888888889,630.703095589726,638.668888888889,0.00522074083762263
800,633,633,638.489722222222,630.308438954278,638.489722222222,0.00521927625597527
801,632.6,638,638.389722222222,630.700000788028,638.389722222222,0.00521845881505581
802,631,631,638.129722222222,631.646625701733,638.129722222222,0.00521633346866522
803,628.5,628.5,638.035277777778,632.917158306152,638.035277777778,0.00521556144113017
804,631.75,629,638.151944444444,634.280443212043,638.151944444444,0.00521651512220288
805,638.666666666667,642,638.951944444444,635.554381583749,638.951944444444,0.00522305464955853
806,639.5,639.5,639.934087301587,636.753100799958,639.934087301587,0.00523108308716035
807,638,637,640.859087301587,637.939784792943,640.859087301587,0.00523864441566533
808,637,637,641.746587301587,639.177617494977,641.746587301587,0.00524589920382552
810,640.555555555556,639,642.719087301587,642.059464755285,642.719087301587,0.00525384881676724
811,642.666666666667,639,643.735753968254,643.829847178106,643.735753968254,0.00526215946611506
812,649.666666666667,651,644.505753968254,645.858371286401,644.505753968254,0.00526845376119488
813,649.8,650,645.534325396825,647.979507249112,645.534325396825,0.00527686172493788
814,649,649,646.559325396825,649.981982482512,646.559325396825,0.00528524049436232
815,650.333333333333,651,647.614682539683,651.654524402875,647.614682539683,0.00529386741549445
816,649,649,648.481349206349,652.785860426474,648.481349206349,0.00530095190346308
818,655.142857142857,657,649.356349206349,653.117898363861,649.356349206349,0.00530810451150834
819,654.5,655.5,650.306349206349,652.635906743853,650.306349206349,0.00531587020024318
820,652.5,652.5,651.306349206349,651.978285201793,651.306349206349,0.00532404460943776
821,651.2,650,652.453571428572,651.337316590495,652.453571428572,0.00533342247331931
822,653.333333333333,653,653.461904761905,650.905283762772,653.461904761905,0.00534166500259051
823,648,648,654.291071428572,650.833229466325,654.291071428572,0.00534844295021435
824,651.571428571429,651,655.063571428572,651.107236028412,655.063571428572,0.00535475768131716
825,649,648,655.913571428571,651.672145671177,655.913571428571,0.00536170592913254
827,652.857142857143,655,656.946904761905,653.454043087323,656.946904761905,0.00537015281863361
828,656,656,658.746904761905,654.560715304994,658.746904761905,0.00538486675518384
829,657,657,659.846904761905,655.737659491924,659.846904761905,0.00539385860529787
830,657,657,661.221904761905,656.948487015727,661.221904761905,0.00540509841794042
831,657,657,662.496904761905,658.231885825893,662.496904761905,0.0054155207896635
833,663.5,663.5,663.818154761905,661.246225685144,663.818154761905,0.00542632122781183
834,662.833333333333,663.5,665.001488095238,663.092080924147,665.001488095238,0.00543599427869208
835,666.25,666,666.734821428571,665.240335829346,666.734821428571,0.00545016325462934
836,665.25,665,668.15625,667.709473609235,668.15625,0.00546178259341306
837,666,666,669.90625,670.362081926454,669.90625,0.00547608780950357
838,671,670.5,671.413392857143,673.021774557177,671.413392857143,0.00548840781193254
839,685,685,672.703392857143,675.512165277581,672.703392857143,0.00549895279979354
840,677.142857142857,679,674.103392857143,677.65686786384,674.103392857143,0.00551039697266594
841,682,684,675.286726190476,679.27949609213,675.286726190476,0.00552007002354619
842,678,678,676.516726190476,680.264519773932,676.516726190476,0.00553012454685552
843,677.625,675.5,677.541726190476,680.73983286195,677.541726190476,0.00553850331627996
844,677,677,678.400059523809,680.894185344194,678.400059523809,0.00554551968417197
845,682.666666666667,684,678.980416666667,680.916327208674,678.980416666667,0.00555026376093668
846,680,680,679.667916666667,680.9950084434,679.667916666667,0.00555588366725795
847,684,684,680.367916666667,681.269521288617,680.367916666667,0.00556160575369415
848,683,684,680.737916666667,681.681326993514,680.737916666667,0.00556463028509614
849,681.8,682,680.587916666667,682.122429059514,680.587916666667,0.00556340412371696
850,685,685,680.743273809524,682.48483098804,680.743273809524,0.00556467407657397
851,680.666666666667,680,680.468273809524,682.660536280517,680.468273809524,0.00556242611404546
852,681.6,682,680.218273809524,682.541548438367,680.218273809524,0.00556038251174682
853,684,684,680.362023809524,682.059787580972,680.362023809524,0.00556155758306854
854,680,680,680.692023809524,681.306840299546,680.692023809524,0.00556425513810275
855,677.857142857143,678,681.05869047619,680.41420980326,681.05869047619,0.0055672524214741
856,679,679,681.542023809524,679.513399301287,681.542023809524,0.00557120338591814
857,680,680,681.642023809524,678.735912002796,681.642023809524,0.0055720208268376
858,678.4,682,681.792023809524,678.194838661593,681.792023809524,0.00557324698821678
860,682,685,681.894880952381,677.961285125046,681.894880952381,0.00557408778459108
861,680.25,681,681.644880952381,678.310861883648,681.644880952381,0.00557204418229244
862,676.5,676.5,681.711547619048,678.999378962799,681.711547619048,0.00557258914290541
863,673,673,681.610119047619,680.047864839471,681.610119047619,0.00557176002425853
864,680.5,681,681.426785714286,681.437788312094,681.426785714286,0.00557026138257286
865,683.6,682,681.426785714286,682.992379464918,681.426785714286,0.00557026138257286
866,690,690,681.108928571429,684.495308703649,681.108928571429,0.00556766308822173
867,689.666666666667,689,680.708928571429,685.730246433995,680.708928571429,0.0055643933245439
868,686,686,680.300595238095,686.480863061661,680.300595238095,0.00556105544078945
869,686,685,679.830595238095,686.530828992354,679.830595238095,0.005557213468468
870,683.857142857143,680,678.980595238095,685.73874876757,678.980595238095,0.00555026522065261
871,680,680,677.905595238095,684.262963471965,677.905595238095,0.00554147773076844
872,682,682,677.222261904762,682.336748325987,677.222261904762,0.00553589188448548
873,679.571428571429,680,675.859761904762,680.193378550081,675.859761904762,0.00552475425195787
874,680.333333333333,682,673.818095238095,678.066129364694,673.818095238095,0.00550806483318561
875,680,682,671.500595238095,676.122814839709,671.500595238095,0.00548912063987718
876,671.5,671.5,669.200595238095,674.269404442749,669.200595238095,0.00547031949872966
877,671,671,666.517261904762,672.346406490875,666.517261904762,0.00544838483405755
878,671.833333333333,671.5,662.617261904762,670.194329301146,662.617261904762,0.0054165046381987
879,669,669,659.467261904762,667.653681190623,659.467261904762,0.00539075524923579
880,665,665,656.157738095238,664.564970476366,656.157738095238,0.00536370184737755
881,658.75,658,652.107738095238,660.809599637683,652.107738095238,0.00533059549013952
882,662.833333333333,663,647.591071428571,656.432547802885,647.591071428571,0.00529367440861069
883,645.75,644,643.4425,651.519688262529,643.4425,0.00525976228818062
884,639.666666666667,637,639.159166666667,646.156894307172,639.159166666667,0.00522474856879719
885,637.25,639,634.709166666667,640.430039227375,634.709166666667,0.00518837244788133
886,644,644,630.334166666667,634.431848765492,630.334166666667,0.00515260940765506
887,636,638,625.875833333333,628.282458471065,625.875833333333,0.00511616516666258
888,608,607,621.371666666667,622.108856345433,621.371666666667,0.00507934626524868
889,623,623,617.021666666667,616.038030389935,617.021666666667,0.00504378758525228
890,617.666666666667,625,612.821666666667,610.196968605913,612.821666666667,0.00500945506663506
891,599,599,608.984166666667,604.712658994703,608.984166666667,0.00497808577135088
892,591.666666666667,588,604.9425,599.698070241869,604.9425,0.00494504753418947
