"temp","CO2_av","CO2_med","Moving*","Modelled","CO2_scaled"
62,2.27272727272727,-6,-30.8601370851371,1.44159508365509,-30.8601370851371
63,4.125,-6,-5.12013708513709,-2.82941878291481,-5.12013708513709
64,10.4444444444444,0.5,5.49025252525253,-10.4056089930576,5.49025252525253
65,0.2,-0.5,11.7764478114478,5.09204057029689,11.7764478114478
66,10.4090909090909,6,59.1514478114478,42.2566691606635,59.1514478114478
67,33.7037037037037,22,105.662558922559,92.734946815668,105.662558922559
68,241,241,151.822558922559,148.173543572936,151.822558922559
70,243,243,191.540740740741,240.518374544768,191.540740740741
73,231,231,221,259.800431790055,221
75,209,209,203.4,216.025469360346,203.4
76,181,181,179.4,187.01954246701,179.4
78,153,153,152,131.221554822522,152
79,123,123,124.8,110.292648384947,124.8
80,94,94,101.4,94.5725425444827,101.4
81,73,73,83.2,83.0484966844642,83.2
83,64,64,70.4,68.5376224391007,70.4
84,62,62,63,63.5253128204242,63
85,59,59,59.4,58.9278629685869,59.4
86,57,57,57.6,55.0813435322073,57.6
88,55,55,56.6,52.0644275125212,56.6
89,55,55,57.2,54.1056967325648,57.2
90,57,57,62.4,59.0759422966014,62.4
91,62,62,66.2,66.3545687154806,66.2
92,83,83,73.5333333333333,75.075694821887,73.5333333333333
93,74,74,84.7333333333333,84.3734394485053,84.7333333333333
94,91.6666666666667,89,96.3333333333333,93.3819214280201,96.3333333333333
95,113,113,105.233333333333,101.392637314884,105.233333333333
100,120,120,117.033333333333,126.862540248152,117.033333333333
101,127.5,127.5,125.9,129.588481677642,125.9
102,133,133,130.9,131.707975435759,130.9
104,136,136,134.4,134.441160591045,134.4
105,138,138,135.7,135.143632496139,135.7
106,137.5,137.5,135.3,135.145258471072,135.3
107,134,134,133.5,134.11648476718,133.5
108,131,131,130.5,131.727757635799,130.5
109,127,127,126.6,127.778035754412,126.6
110,123,123,121.15,122.5803275051,121.15
111,118,118,114.55,116.576153696094,114.55
112,106.75,107.5,107.75,110.207035135622,107.75
113,98,98,101.55,103.914492631915,101.55
115,93,93,96.15,93.0092512594296,96.15
117,92,92,92.8,85.8127572030564,92.8
119,91,91,91.2,83.9613703189297,91.2
120,90,90,90.4,85.5514545215007,90.4
121,90,90,89.7,88.8889107796609,89.7
122,89,89,89.1,93.1655856578123,89.1
123,88.5,88.5,88.5,97.3707860368345,88.5
125,88,88,87.7,101.523990821008,87.7
127,87,87,87.1,93.2629801792165,87.1
128,86,86,86.5,82.8806103268728,86.5
129,86,86,85.9,71.9438015672213,85.9
130,85.5,85.5,85.4,65.0230550876867,85.4
131,85,85,85,66.6888720756937,85
132,84.5,84.5,84.4666666666667,79.4873393471637,84.4666666666667
133,84,84,83.9666666666667,97.8668862320047,83.9666666666667
134,83.3333333333333,83,83.6666666666667,114.251527688622,83.6666666666667
135,83,83,83.9666666666667,121.065278675419,83.9666666666667
136,83.5,83.5,85.4666666666667,110.732154150801,85.4666666666667
137,86,86,89.9333333333333,80.7573761054613,89.9333333333333
138,91.5,91.5,99.8833333333333,48.9709946592408,99.8833333333333
139,105.666666666667,105.5,116.863333333333,38.2842669642697,116.863333333333
140,132.75,132.5,144.023333333333,71.6084501726776,144.023333333333
141,168.4,168,231.061794871795,171.854801436594,231.061794871795
142,221.8,221,363.340961538462,351.481657638466,363.340961538462
143,526.692307692308,391,577.690961538461,581.135674582008,577.690961538461
144,767.0625,757.5,796.810961538462,821.01058780125,796.810961538462
145,1204.5,1204.5,1013.25096153846,1031.30013283022,1013.25096153846
150,1264,1264,1176.9125,1337.86083949936,1176.9125
151,1304,1304,1300.9,1329.76471138166,1300.9
152,1345,1345,1346,1327.96783888983,1346
153,1387,1387,1392.1,1345.08537007087,1392.1
154,1430,1430,1448,1393.73245297182,1448
155,1494.5,1494.5,1509,1480.33998016005,1509
156,1583.5,1583.5,1570.8,1586.60182228445,1570.8
157,1650,1650,1633,1688.02759451426,1633
158,1696,1696,1695.7,1760.12691201872,1695.7
159,1741,1741,1762.73333333333,1788.20724025222,1762.73333333333
160,1808,1808,1838.33333333333,1796.76744580965,1838.33333333333
161,1918.66666666667,1919,1922.03333333333,1820.10424557101,1922.03333333333
162,2028,2028,2013.73333333333,1892.51435641633,2013.73333333333
163,2114.5,2114.5,2113.86666666667,2048.29449522561,2113.86666666667
164,2199.5,2199.5,2356.40606060606,2307.76519284611,2356.40606060606
165,2308.66666666667,2309,2614.95606060606,2635.34223599397,2614.95606060606
166,3131.36363636364,2624,2911.25606060606,2981.46522535257,2911.25606060606
167,3320.75,3388,3213.64494949495,3296.57376160528,3213.64494949495
168,3596,3759.5,3549.11161616162,3541.81085073237,3549.11161616162
169,3711.44444444444,3742,3728.93888888889,3721.13311990159,3728.93888888889
171,3986,3986,3880.58888888889,3940.67332822503,3880.58888888889
172,4030.5,4030.5,3987.98888888889,4010.21133230852,3987.98888888889
173,4079,4079,4084.1,4072.47464629272,4084.1
174,4133,4133,4138.6,4140.81444242077,4138.6
175,4192,4192,4216.2,4223.34645204984,4216.2
176,4258.5,4258.5,4322.7,4326.87754631559,4322.7
177,4418.5,4416.5,4455.56666666667,4458.2145963537,4455.56666666667
178,4611.5,4611.5,4645.26666666667,4624.16447329983,4645.26666666667
179,4797.33333333333,4797,4866.3380952381,4826.22825441958,4866.3380952381
180,5140.5,5077.5,5086.75238095238,5044.68384149821,5086.75238095238
181,5363.85714285714,5405,5258.92738095238,5254.50334245091,5258.92738095238
182,5520.57142857143,5511,5402.46071428571,5430.65886519289,5402.46071428571
183,5472.375,5424.5,5483.26071428571,5553.85947677894,5483.26071428571
186,5515,5515,5525.48928571429,5665.24871729217,5525.48928571429
188,5544.5,5544.5,5542.375,5618.26967662522,5542.375
189,5575,5575,5574.7,5586.59018424751,5574.7
190,5605,5605,5602.5,5561.97586084408,5602.5
191,5634,5634,5630,5553.67565167985,5630
192,5654,5654,5665.85,5570.35883206801,5665.85
193,5682,5682,5717.45,5620.54975983384,5717.45
194,5754.25,5752,5784.35,5712.77279280264,5784.35
195,5863,5863,5879.75,5853.43107346494,5879.75
196,5968.5,5968.5,6011.15,6040.44288297228,6011.15
197,6131,6130,6264.5,6269.60528714147,6264.5
198,6339,6341,6424.76,6536.71535178931,6424.76
199,7021,6776.5,6876.835,6837.57014273261,6876.835
200,6664.3,6652,7386.035,7166.20927915159,7386.035
201,8228.875,8215.5,7884.435,7509.64259368007,7884.435
205,8677,8677,8266.435,8736.3653528344,8266.435
206,8831,8831,8739.175,8932.55534786938,8739.175
207,8931,8931,8934.53333333333,9055.05383699742,8934.53333333333
208,9028,9028,9077.53333333333,9099.02152909278,9077.53333333333
210,9205.66666666667,9208,9207.93333333333,9100.44884659113,9207.93333333333
211,9392,9392,9333.53333333333,9147.31311851245,9333.53333333333
212,9483,9483,9464.13333333333,9284.54756356075,9464.13333333333
213,9559,9559,9587.8,9555.3156084563,9587.8
214,9681,9680,10185.22,9996.62509376385,10185.22
215,9824,9824,10874.5738461538,10643.9449635092,10874.5738461538
216,12379.1,10445.5,11549.2955852843,11532.7441617183,11549.2955852843
217,12929.7692307692,13933,13037.3755852843,12698.4916324169,13037.3755852843
218,12932.6086956522,12875,14480.7755852843,14136.6788290274,14480.7755852843
219,17121.4,17021,15569.9555852843,15682.8872425579,15569.9555852843
220,17041,16952.5,16670.4017391304,17132.7208734133,16670.4017391304
221,17825,17825,17851.38,18281.7837219983,17851.38
226,18432,18432,18321.9,18992.66845572,18321.9
227,18837.5,18837.5,18919.7,18872.1529485623,18919.7
228,19474,19474,19442.9,18929.8204186452,19442.9
229,20030,20030,19979.2,19279.5624924865,19979.2
230,20441,20441,20676.4333333333,20035.2707966039,20676.4333333333
231,21113.5,21113.5,21493.4333333333,21265.8089274346,21493.4333333333
232,22323.6666666667,22323,22429.5333333333,22859.9283610927,22429.5333333333
233,23559,23559,24400.0424242424,24661.3525436119,24400.0424242424
234,24710.5,24710.5,26288.370995671,26513.8049210259,26288.370995671
235,30293.5454545455,32226,28050.8936623377,28281.3834672525,28050.8936623377
236,30555.1428571429,31780.5,30013.9603290043,29909.6842677457,30013.9603290043
237,31136.28,31685,31943.6603290043,31364.677935844,31943.6603290043
238,33374.3333333333,33498,32804.9512380952,32612.3350848857,32804.9512380952
241,34359,34359,33738.5893333333,34770.9935510546,33738.5893333333
242,34600,34600,34717.7333333333,34905.5372738333,34717.7333333333
243,35223.3333333333,35205,35412.4666666667,35001.7566437273,35412.4666666667
245,36032,36032,36262.5333333333,36299.7411761351,36262.5333333333
246,36848,36848,39944.7333333333,38111.7657642861,39944.7333333333
247,38609.3333333333,38583,42817.5523809524,41105.9848508266,42817.5523809524
248,53011,53011,46026.5523809524,45406.0775957706,46026.5523809524
249,49587.4285714286,44454,50500.4464985994,50409.9209479155,50500.4464985994
250,52077,47631,54306.5798319328,55333.9413032542,54306.5798319328
251,59217.4705882353,59940,57030.9798319328,59394.5650577793,57030.9798319328
252,57640,57891,60466.8941176471,62019.5396184007,60466.8941176471
253,66633,66633,63428.2274509804,63481.8964356965,63428.2274509804
254,66767,66767,64914.8333333333,64265.9879711615,64914.8333333333
255,66883.6666666667,66898,66675.7333333333,64856.1666862906,66675.7333333333
256,66650.5,66650.5,66594.9333333333,65736.785042579,66594.9333333333
257,66444.5,66444.5,66993.85,67283.0809477422,66993.85
258,66229,66229,69664.3666666667,69433.8340943798,69664.3666666667
259,68761.5833333333,67321,72715.6666666667,72018.7096213119,72715.6666666667
261,80236.25,79870.5,76362.3666666667,77809.4883713408,76362.3666666667
262,81907,81907,80469.5666666667,80704.8026684264,80469.5666666667
263,84678,84678,84762.05,83533.3846791775,84762.05
264,86765,86765,87437,86305.3843205043,87437
266,90224,90227,90283.7,91720.2361625258,90283.7
267,93611,93611,93135.2333333333,94383.3881970411,93135.2333333333
268,96140.5,96140.5,96577.2333333333,97013.7949561204,96577.2333333333
269,98935.6666666667,98962,99640.7166666667,99537.7934884115,99640.7166666667
270,103975,104108,102167.716666667,101864.95826891,102167.716666667
271,105541.416666667,105753,104193.016666667,103904.863772611,104193.016666667
272,106246,106246,105992.483333333,105598.520447718,105992.483333333
274,106267,106185.5,107053.983333333,108245.540649516,107053.983333333
275,107933,107933,108179.633333333,109395.284804702,108179.633333333
276,109282.5,109282.5,109925.183333333,110560.105415078,109925.183333333
277,111169.666666667,111171,111942.183333333,111838.192794889,111942.183333333
278,114973.75,113709,113996.643333333,113298.513878271,113996.643333333
279,116352,115632,115914.843333333,114893.142078901,115914.843333333
280,118205.3,117993.5,118060.11,116544.927430342,118060.11
282,118873.5,118873.5,119553.96,119711.369719912,119553.96
284,121896,121896,120934.76,122180.64101549,120934.76
285,122443,122443,122108.1,123015.667625377,122108.1
286,123256,123256,123258.6,123773.181593076,123258.6
287,124072,124072,125018.8,124704.262957769,125018.8
288,124626,124626,127039.55,126059.99175864,127039.55
289,130697,127141,128304.416666667,128004.300233979,128304.416666667
290,132546.75,132872.5,130739.766666667,130352.529418511,130739.766666667
291,129580.333333333,129565,133338.766666667,132832.872546071,133338.766666667
292,136248.75,137531.5,134857.366666667,135173.522850492,134857.366666667
293,137621,137845,136031.616666667,137102.673565607,136031.616666667
294,138290,138290,137821.95,138413.336347714,137821.95
297,138418,138418,138297,139416.524247398,138297
298,138532,138532,138514.9,139164.999293811,138514.9
299,138624,138624,138604.9,138815.686827849,138604.9
300,138710.5,138710.5,138665.3,138465.449830838,138665.3
301,138740,138740,138670.033333333,138130.188134928,138670.033333333
302,138720,138720,138327.153333333,137805.560784974,138327.153333333
303,138555.666666667,138571,138038.603333333,137487.226825832,138038.603333333
304,136909.6,136689,137137.403333333,137170.845302359,137137.403333333
305,137267.75,137308,137402.803333333,136865.626686349,137402.803333333
306,134234,133721,137939.27,136634.987157358,137939.27
311,140047,140047,139398.35,139294.342044971,139398.35
312,141238,141238,141705,141127.496774468,141705
313,144205,144144,145115.08,143574.003836441,145115.08
315,148801,148801,148220.146666667,149973.557628814,148220.146666667
316,151284.4,150938,151587.896666667,153198.631409099,151587.896666667
317,155572.333333333,156746,156023.846666667,155901.805499125,156023.846666667
318,158076.75,156890.5,155775.446666667,157679.006689148,155775.446666667
319,166384.75,168655,155000.666666667,158235.329326126,155000.666666667
322,147559,147559,153456.6,154433.341883185,153456.6
323,147410.5,147410.5,151642.95,152178.801385781,151642.95
324,147852,147852,148605.6,149848.875430933,148605.6
325,149008.5,149008.5,148212.306666667,147694.496149101,148212.306666667
326,151198,151180,149440.037435897,145911.753444567,149440.037435897
327,145592.533333333,144923,146733.837435897,144477.368316902,146733.837435897
328,153549.153846154,156816,145037.637435897,143313.219539498,145037.637435897
329,134321,134321,141694.437435897,142341.185885748,141694.437435897
330,140527.5,140527.5,139530.530769231,141491.111587446,139530.530769231
335,134482,134482,135853.3,137889.151884746,135853.3
336,134773,134773,136112.1,137086.142968591,136112.1
337,135163,135163,135274.4,136184.828616105,135274.4
338,135615,135615,135821.9,135154.880351093,135821.9
339,136339,136339,136407.9,133968.213987782,136407.9
340,137219.5,137219.5,134293.816666667,132605.722502111,134293.816666667
341,137703,137703,132107.970512821,131050.54316044,132107.970512821
342,124592.583333333,119089,130573.461421911,129285.813229134,130573.461421911
343,124685.769230769,122111,126434.461421911,127308.791171,126434.461421911
344,128666.454545455,129551,121762.861421911,125173.220234634,121762.861421911
345,116524.5,116524.5,119645.344755245,122946.964865079,119645.344755245
348,114345,114345,117438.390909091,116402.736607696,117438.390909091
350,114005,114005,114361.9,112830.677095929,114361.9
351,113651,113651,112643.65,111466.080540394,112643.65
352,113284,113284,112125.45,110369.523070615,112125.45
353,107933.25,105711.5,110560.878571429,109492.541535286,110560.878571429
354,111754,111754,109067.861904762,108786.6727831,109067.861904762
355,106182.142857143,104114,107609.945238095,108203.453662753,107609.945238095
356,106185.916666667,104959,107391.895238095,107703.813714767,107391.895238095
357,105994.416666667,105937.5,106469.895238095,107286.253246989,106469.895238095
358,106843,106843,106722.466666667,106958.665259095,106722.466666667
362,107144,107144,107035.483333333,106705.898099877,107035.483333333
363,107445,107445,107449.4,106931.508667593,107449.4
364,107751,107751,107504.92,107204.096679543,107504.92
365,108064,108064,107495.72,107441.2021017,107495.72
366,107120.6,108384,107285.691428571,107560.364900034,107285.691428571
367,107098,107259.5,107049.445274725,107479.125040515,107049.445274725
368,106394.857142857,104036,106692.765274725,107152.613874365,106692.765274725
369,106569.769230769,105489,106498.578608059,106686.32829381,106498.578608059
370,106280.6,105977,106343.628608059,106223.356576323,106343.628608059
371,106149.666666667,106172,106357.897179487,105906.786999382,106357.897179487
372,106323.25,106505.5,105982.343333333,105823.84334938,105982.343333333
373,106466.2,106651.5,105553.423333333,105838.291448384,105553.423333333
374,104692,104692,105026.09,105758.032627379,105026.09
376,104136,104136,104247.04,104544.999549285,104247.04
377,103513,103513,101856.55,103028.027954167,101856.55
378,102428,102428,100414.883333333,100759.067306648,100414.883333333
379,94513.75,92325,98406.75,98101.5816560419,98406.75
380,97483.6666666667,98074.5,96183.95,95530.1475953278,96183.95
381,94095.3333333333,93957.5,94319.0833333333,93519.3417174857,94319.0833333333
382,92399,92399,94099,92426.2319924904,94099
386,93103.6666666667,92964,93421.0666666667,93796.3379500462,93421.0666666667
387,93413.3333333333,93341,93712.22,94422.124928575,93712.22
388,94094,94252,94527.2866666667,94700.2658126619,94527.2866666667
389,95551.1,95855.5,94071.5533333333,94400.2854572581,94071.5533333333
390,96474.3333333333,97122,93318.4866666667,93373.2778011383,93318.4866666667
391,90825,90825,91699.5866666667,91796.6131183715,91699.5866666667
392,89648,89649,89619.6666666667,89929.2307668505,89619.6666666667
393,85999.5,85999.5,87229.4,88030.0701044677,87229.4
394,85151.5,84923.5,86640,86358.0704891159,86640
395,84523,84410,85473.6,85120.0393198217,85473.6
396,87878,87878,85086.3,84314.2561601476,85086.3
397,83816,83816,84964.8,83886.86861479,84964.8
401,84063,84063,85401.2,84884.2266704528,85401.2
402,84544,84544,85215.8,85535.7309020956,85215.8
403,86705,86705,85915.1428571429,86210.7141860645,85915.1428571429
404,86951,86951,86740.6043956044,86823.5219368866,86740.6043956044
405,87312.7142857143,87185,87469.1472527473,87288.4995690892,87469.1472527473
406,88190.3076923077,88230,87388.9472527473,87519.9924971999,87388.9472527473
407,88186.7142857143,88341,87252.9472527473,87453.8633261291,87252.9472527473
408,86304,86304,86294.0043956044,87112.0434223207,86294.0043956044
409,86271,86291,85201.0095238095,86537.981342602,85201.0095238095
412,82518,82518,84236.0666666667,83856.827616255,84236.0666666667
413,82725.3333333333,83798,83234.5466666667,82800.3084303312,83234.5466666667
414,83362,83362,82199.7466666667,81800.9460276222,82199.7466666667
415,81296.4,80763,81621.0466666667,80974.3451399446,81621.0466666667
416,81097,81129.5,81321.38,80436.1104991147,81321.38
417,79624.5,79624.5,80798.7133333333,80301.8468369493,80798.7133333333
418,81227,81790,80769.9133333333,80638.5073115678,80769.9133333333
419,80748.6666666667,79780,81292.3133333333,81318.4387863012,81292.3133333333
420,81152.4,80788,82189.7133333333,82165.3365507836,82189.7133333333
424,83709,83709,81892.4133333333,83696.4962988857,81892.4133333333
425,84111.5,84111.5,81166.1270588235,82733.6548566246,81166.1270588235
426,79740.5,79740.5,81076.8970588235,80972.4313652369,81076.8970588235
427,77117.2352941177,76084,78858.9970588235,78698.9207309564,78858.9970588235
428,80706.25,80869,76317.2970588235,76291.6977833366,76317.2970588235
429,72619.5,72619.5,74446.6470588235,74129.3373519309,74446.6470588235
430,71403,71403,73113.9333333333,72511.4924778986,73113.9333333333
434,70387.25,70255,71076.6166666667,70375.3684231855,71076.6166666667
436,70453.6666666667,70774,70762.8766666667,70579.077049295,70762.8766666667
437,70519.6666666667,70641.5,70695.6584848485,70666.5283728705,70695.6584848485
438,71050.8,71189,70171.8084848485,70617.7698357089,70171.8084848485
439,71066.9090909091,71287,69596.6751515152,70362.3884463225,69596.6751515152
442,67768,67709,69020.4084848485,68732.2652602509,69020.4084848485
443,67578,67578,68225.7212121212,68075.2363760524,68225.7212121212
444,67638.3333333333,67963,67340.7393939394,67448.549505998,67340.7393939394
445,67077.3636363636,66965,66572.7108225108,66892.6457451406,66572.7108225108
448,66642,66642,65878.3997113997,65532.1838245091,65878.3997113997
450,63927.8571428571,62295,65246.533044733,64692.6382919482,65246.533044733
451,64106.4444444444,63541,64172.8603174603,64236.5106338986,64172.8603174603
452,64479,64484,63174.926984127,63730.998107502,63174.926984127
454,61709,61709,62549.0555555556,62561.3463264551,62549.0555555556
456,61652.3333333333,61654,61787.7666666667,61357.6567972509,61787.7666666667
457,60798.5,60765.5,60470.7666666667,60817.7186729442,60470.7666666667
458,60300,60300,60171.7666666667,60358.8760666233,60171.7666666667
460,57894,57900,59807.28,59684.5402900876,59807.28
461,60214,60214,59667.18,59364.5944686311,59667.18
462,59829.9,60054,58982.98,58976.5440582862,58982.98
463,60098,60098,58228.38,58460.6995839809,58228.38
465,56879,56879,57065.23,56806.8705432012,57065.23
466,54121,53123,55404.7,55578.2737823562,55404.7
467,54398.25,54209,53410.8,54155.7255919034,53410.8
468,51527.25,52092.5,52196.4666666667,52652.1370314111,52196.4666666667
469,50128.5,50128.5,51118.8666666667,51180.419160448,51118.8666666667
470,50807.3333333333,50814,49564.6166666667,49853.4830385825,49564.6166666667
472,48733,48733,48511.5066666667,47849.0431828671,48511.5066666667
474,46627,46627,47803.2866666667,46359.3204530585,47803.2866666667
475,46261.7,46060.5,45903.2866666667,45646.2111013827,45903.2866666667
476,46587.4,46676,44669.3866666667,44868.2607403995,44669.3866666667
477,41307.3333333333,39898,43694.8666666667,43974.0338166846,43694.8666666667
478,42563.5,43427,42651.1266666667,42964.3796174948,42651.1266666667
479,41754.4,42217,39870.2966666667,41853.2186402568,39870.2966666667
480,41043,41043,38976.63,40654.4713823979,38976.63
484,32683.25,31230.5,37132.13,35262.0294932907,37132.13
485,36839,36839,35486.225,33835.3098871871,35486.225
486,33341,32104,32467.525,32411.436545761,32467.525
487,33524.875,33396.5,31043.275,31011.2395271764,31043.275
488,25949.5,25949.5,29235.975,29655.548889597,29235.975
489,25562,25562,28056.675,28361.6767200877,28056.675
490,27802.5,27802.5,26975.45,27132.8632213183,26975.45
491,27444.5,26705.5,25791.15,25968.8306248597,25791.15
492,28118.75,28251,24624.95,24869.3011622825,24624.95
494,20028,20028,23482.05,22862.6405650566,23482.05
495,19731,19731,22385.0166666667,21954.9543527869,22385.0166666667
496,22088,22088,21223.4222222222,21110.6629561065,21223.4222222222
497,21959.3333333333,21104.5,20541.0222222222,20329.4913620105,20541.0222222222
498,22310.7777777778,22543,20066.7555555556,19611.1645574943,20066.7555555556
499,16616,16616,19111.1288888889,18954.9960188591,19111.1288888889
500,17359.6666666667,16602,18187.8622222222,18358.653179632,18187.8622222222
502,17309.8666666667,17054,17039.5066666667,17334.468290736,17039.5066666667
503,17343,17343,16748.9066666667,16901.1380867339,16748.9066666667
504,16569,16569,16216.7733333333,16516.6572734736,16216.7733333333
507,15163,14788.5,15933.95,15572.8880609976,15933.95
508,14699,14699,15634.37,15279.647491529,15634.37
509,15895.75,15926,14584.37,14971.7738420982,14584.37
510,15845.1,16010,14066.67,14634.0825143208,14066.67
513,11319,11319,13592.67,13290.2564770656,13592.67
514,12574.5,12574.5,12884.0533333333,12691.6429396238,12884.0533333333
515,12329,11671,11888.6833333333,12048.4556573061,11888.6833333333
516,12352.6666666667,12494.5,11677.3404761905,11406.6769571206,11677.3404761905
517,10868.25,10393,10762.2404761905,10812.2891660754,10762.2404761905
518,10262.2857142857,10296,9999.17380952381,10300.6006568635,9999.17380952381
522,7999,7999,9142.04047619048,8826.35100384508,9142.04047619048
523,8513.66666666667,8115,8734.07047619048,8510.60769213389,8734.07047619048
524,8067,8282.5,8172.63833333333,8179.86922327456,8172.63833333333
525,8828.4,8867,8021.93833333333,7816.0741983843,8021.93833333333
526,7455.125,7282,7516.005,7411.84230079562,7516.005
527,7245.5,7245.5,7089.405,7002.51754270225,7089.405
528,5984,5984,6592.125,6634.12501851311,6592.125
529,5934,5934,6342.73333333333,6352.68982263723,6342.73333333333
530,6342,6342,6168.63333333333,6190.67872574739,6168.63333333333
532,6208.16666666667,6120.5,6283.27333333333,6124.30440810231,6283.27333333333
533,6375,6291,6329.07333333333,6149.29149133108,6329.07333333333
534,6557.2,6580,6143.81619047619,6165.96160525006,6143.81619047619
535,6163,6163,6012.66857142857,6138.98990185124,6012.66857142857
537,5415.71428571429,5337,5692.16857142857,5881.65542588425,5692.16857142857
538,5552.42857142857,5555,5343.66857142857,5675.28939767216,5343.66857142857
541,4772.5,4772.5,5038.73523809524,4941.00194936991,5038.73523809524
542,4814.7,4821,4870.97015873016,4712.17795572731,4870.97015873016
543,4638.33333333333,4625,4611.28444444444,4518.49067848719,4611.28444444444
544,4576.88888888889,4581,4445.48444444444,4371.13578055699,4445.48444444444
545,4254,4254,4250.54444444444,4260.88964405798,4250.54444444444
548,3943.5,3943.5,4099.97777777778,4009.51942239459,4099.97777777778
549,3840,3730,3816.4,3904.42395086688,3816.4
550,3885.5,3894.5,3605.25,3769.39797201123,3605.25
552,3159,3159,3494.37,3448.90209398364,3494.37
553,3198.25,3209,3413.57,3290.01037807184,3413.57
554,3389.1,3387,3209.73666666667,3149.74159973478,3209.73666666667
555,3436,3436,3120.93666666667,3041.38485060252,3120.93666666667
556,2866.33333333333,2770,3018.48666666667,2973.17473821194,3018.48666666667
557,2715,2715,2900.06666666667,2933.12793372711,2900.06666666667
558,2686,2686,2793.46666666667,2904.20662421893,2793.46666666667
559,2797,2797,2798.88,2869.37299675827,2798.88
560,2903,2860.5,2843.21333333333,2815.37274594913,2843.21333333333
561,2893.4,2920,2811.41333333333,2744.08559652801,2811.41333333333
562,2936.66666666667,2989,2753.46333333333,2661.1747807645,2753.46333333333
563,2527,2514,2602.86333333333,2572.30353092822,2602.86333333333
564,2507.25,2514.5,2479.78333333333,2483.13507928875,2479.78333333333
565,2150,2150,2326.45,2398.60462321429,2326.45
566,2278,2278,2247.11666666667,2320.73522046736,2247.11666666667
567,2170,2170,2196.41666666667,2250.82189390909,2196.41666666667
568,2130.33333333333,2191,2225.19166666667,2190.15966640056,2225.19166666667
569,2253.75,2247,2176.39166666667,2139.51029427174,2176.39166666667
570,2293.875,2330.5,2148.025,2097.50246772793,2148.025
571,2034,2034.5,2107.87833333333,2062.23161044331,2107.87833333333
572,2028.16666666667,2026.5,2043.395,2031.793146092,2043.395
574,1929.6,1916,1960.62,1977.79509088597,1960.62
575,1931.33333333333,1937,1909.82,1950.73469661931,1909.82
577,1880,1880,1866.18666666667,1893.75197640385,1866.18666666667
579,1780,1780,1845.2,1832.59014136312,1845.2
580,1810,1791,1812.05833333333,1800.30585356485,1812.05833333333
581,1824.66666666667,1810,1771.69833333333,1766.81334439815,1771.69833333333
582,1765.625,1823.5,1753.99833333333,1732.09620889718,1753.99833333333
583,1678.2,1672,1702.49833333333,1696.2903457821,1702.49833333333
584,1691.5,1713,1650.725,1659.56972969463,1650.725
585,1552.5,1552.5,1615.04,1622.10833527645,1615.04
586,1565.8,1570,1599.5,1584.23816163526,1599.5
587,1587.2,1591,1535.6,1546.92330574274,1535.6
588,1600.5,1600.5,1509.3,1511.28588903653,1509.3
589,1372,1372,1472.67333333333,1478.44803295432,1472.67333333333
590,1421,1384,1444.5,1449.53185893376,1444.5
592,1382.66666666667,1392,1413.94285714286,1404.431392391,1413.94285714286
593,1446.33333333333,1421,1393.54285714286,1385.64907339285,1393.54285714286
594,1447.71428571429,1458,1363.34285714286,1367.35320872314,1363.34285714286
596,1270,1270,1334.78952380952,1326.14437680781,1334.78952380952
597,1270,1270,1304.45619047619,1300.64008640817,1304.45619047619
598,1239.9,1269.5,1247.06333333333,1272.22724253527,1247.06333333333
599,1294.66666666667,1319.5,1233.93,1242.06818655827,1233.93
600,1160.75,1167,1218.83,1211.32525984638,1218.83
601,1204.33333333333,1190,1191.07857142857,1181.16080376878,1191.07857142857
602,1194.5,1208,1154.03095238095,1152.54567971985,1154.03095238095
603,1101.14285714286,1098,1133.34761904762,1125.68482919478,1133.34761904762
604,1109.42857142857,1117,1098.13095238095,1100.59171371392,1098.13095238095
606,1057.33333333333,1062.5,1062.43095238095,1055.76253396637,1062.43095238095
607,1028.25,1029,1043.20238095238,1036.00709541689,1043.20238095238
608,1016,1016,1009.78333333333,1017.79545405201,1009.78333333333
609,1005,1005,987.716666666667,1000.86328745097,987.716666666667
611,942.333333333333,941,977.533333333333,969.780088857419,977.533333333333
612,947,950.5,969.2,955.100412023414,969.2
613,977.333333333333,968,942.8,940.708966592645,942.8
614,974.333333333333,981,929.033333333333,926.671661756301,929.033333333333
615,873,873,912.433333333333,913.120453027957,912.433333333333
616,873.5,873.5,896.166666666667,900.18729592119,896.166666666667
617,864,864,881.1,888.004145949575,881.1
618,896,885,877.533333333334,876.555820595906,877.533333333334
619,899,892,870.933333333333,865.238585219847,870.933333333333
620,855.166666666667,857,859.433333333333,853.301567150277,859.433333333333
621,840.5,841.5,842.966666666667,839.993893716081,842.966666666667
622,806.5,806.5,811.166666666667,824.837929601506,811.166666666667
623,813.666666666667,826,787.973333333333,808.448988912271,787.973333333333
626,740,739,770.730476190476,760.769822007483,770.730476190476
627,739.2,737,761.030476190476,748.334489630484,761.030476190476
628,754.285714285714,753,742.497142857143,739.108937984261,742.497142857143
629,758,763,738.16380952381,733.618834304069,738.16380952381
631,721,721,736.257142857143,729.778607943609,736.257142857143
632,718.333333333333,718,731.2,728.850977475507,731.2
633,729.666666666667,730,715.4,726.866663623601,715.4
634,729,730,708.5,722.830298218251,708.5
638,679,679,703.319047619048,692.661672854523,703.319047619048
639,686.5,685.5,688.305714285714,683.971527836731,688.305714285714
640,692.428571428571,698,675.039047619048,675.765308251682,675.039047619048
641,654.6,657,671.172380952381,668.51457455112,671.172380952381
642,662.666666666667,660,666.072380952381,662.557418108695,666.072380952381
643,659.666666666667,661,654.586666666667,657.698053985669,654.586666666667
644,661,661,651.166666666667,653.607228165209,651.166666666667
647,635,637,646.8,642.653440350904,646.8
648,637.5,640,639.833333333333,638.344227572385,639.833333333333
649,640.833333333333,641,631.133333333333,633.28518675846,631.133333333333
650,624.833333333333,626,627.813333333333,627.786582623254,627.813333333333
651,617.5,617.5,623.963333333333,622.286583627084,623.963333333333
652,618.4,618,614.696666666667,617.223358230264,614.696666666667
653,618.25,619.5,610.41,612.925337485942,610.41
656,594.5,594.5,607.043333333333,603.07836778388,607.043333333333
657,603.4,602,603.363333333333,600.077555451127,603.363333333333
658,600.666666666667,602,596.413333333333,596.850405264493,596.413333333333
659,600,600,592.78,593.176661241266,592.78
660,583.5,583.5,588.4,588.916250532118,588.4
661,576.333333333333,574,584.266666666667,584.249832821243,584.266666666667
662,581.5,581.5,576.266666666667,579.438250926214,576.266666666667
663,580,584,572.677777777778,574.742347664607,572.677777777778
665,560,558,569.961111111111,566.364344355666,569.961111111111
666,565.555555555556,568,563.461111111111,562.686099503582,563.461111111111
667,562.75,564.5,557.011111111111,559.319545653563,557.011111111111
670,549,549,554.611111111111,550.873928619469,554.611111111111
671,547.75,548,551.06,548.53803728128,551.06
672,548,548,545.41,546.367934241035,545.41
673,547.8,548,542.76,544.152749569564,542.76
674,534.5,534.5,541.21,541.643761381791,541.21
675,535.75,534.5,537.21,538.592247792643,537.21
676,540,542,533.19,534.834043367714,533.19
677,528,528,530.89,530.543208475285,530.89
678,527.7,529,528.34,525.978359934308,528.34
679,523,523,520.106666666667,521.398114563735,520.106666666667
680,523,523,514.406666666667,517.061089182518,514.406666666667
683,498.833333333333,498.5,510.633333333333,507.062718920607,510.633333333333
684,499.5,498,505.633333333333,504.869447500232,505.633333333333
685,508.833333333333,511.5,502.233333333333,503.294451502718,502.233333333333
686,498,498,502.916666666667,502.366840581704,502.916666666667
687,506,506,505.016666666667,502.115724390829,505.016666666667
688,502.25,502,504.013636363636,502.50297806459,504.013636363636
689,510,510,504.413636363636,503.221538660916,504.413636363636
690,503.818181818182,503,503.093636363636,503.897108718597,503.093636363636
692,500,500,502.443636363636,503.622087373175,502.443636363636
693,499.4,499,500.110303030303,502.026676925409,500.110303030303
694,499,499,496.413333333333,499.513741360703,496.413333333333
695,498.333333333333,502,493.057777777778,496.3316384844,493.057777777778
698,485.333333333333,485,489.877777777778,485.253904039318,489.877777777778
699,483.222222222222,486,484.577777777778,481.878709970037,484.577777777778
700,483.5,487,479.344444444444,479.037098872535,479.344444444444
701,472.5,472.5,476.677777777778,476.782234835505,476.677777777778
702,472.166666666667,472,475.233333333333,475.12824320431,475.233333333333
703,472,471,473.666666666667,474.089249324313,473.666666666667
704,476,476,474.344444444444,473.643339380382,474.344444444444
707,475.666666666667,476,475.111111111111,474.059251951835,475.111111111111
708,475.888888888889,476,474.511111111111,474.108738218027,474.511111111111
709,476,477,471.911111111111,473.776799492717,471.911111111111
711,469,469,469.427777777778,471.160208597146,469.427777777778
712,463,463,467.983333333333,468.637896931446,467.983333333333
713,463.25,464,466.303333333333,465.92508024251,466.303333333333
714,468.666666666667,470,465.836666666667,463.81900735144,465.836666666667
715,467.6,467,466.516666666667,463.116927079341,466.516666666667
716,466.666666666667,467,466.3,464.360604226614,466.3
717,466.4,468,468.366666666667,467.069867510865,468.366666666667
718,462.166666666667,461.5,470.446666666667,470.509061628998,470.446666666667
720,479,480,472.98,476.634621154534,472.98
721,478,478,474.8,477.849675955748,474.8
722,479.333333333333,480,475.466666666667,477.091019902161,475.466666666667
723,475.5,475.5,473.009523809524,474.817895309163,473.009523809524
725,465.5,465,470.769523809524,468.521127861273,470.769523809524
726,466.714285714286,466,467.902857142857,465.893928684551,467.902857142857
727,466.8,465,465.802857142857,464.545148324758,465.802857142857
728,465,465,466.602857142857,464.96359082251,466.602857142857
729,465,465,467.36,466.800389024554,467.36
730,469.5,469.5,468.933333333333,469.497257979168,468.933333333333
731,470.5,470.5,471.933333333333,472.495912734631,471.933333333333
732,474.666666666667,477,475.933333333333,475.326353224011,475.933333333333
733,480,480,478.833333333333,477.871718919536,478.833333333333
735,485,485,481.533333333333,481.992923357094,481.533333333333
736,484,484,483.34,483.511610813163,483.34
737,484,484,484.09,484.63092090345,484.09
738,483.7,483.5,484.09,485.386380870123,484.09
739,483.75,483,485.49,486.069929495944,485.49
740,485,485,487.49,487.037608448828,487.49
741,491,491,489.616666666667,488.645459396688,489.616666666667
742,494,494,491.986666666667,491.131142980117,491.986666666667
743,494.333333333333,494,495.386666666667,494.25879573043,495.386666666667
744,495.6,493,498.12,497.674173151622,498.12
745,502,507,500.32,501.023030747687,500.32
746,504.666666666667,503,503.093333333333,503.951124022621,503.093333333333
747,505,505,505.373333333333,506.201184948054,505.373333333333
748,508.2,509,508.473333333333,507.903851366165,508.473333333333
750,507,507,509.873333333333,510.57745791968,509.873333333333
